,Date,Open,High,Low,Close,Volume
0,2022-01-01,1837.74,1860.0,1820.0,1843.5,64.92574667
1,2022-01-02,1843.5,1845.13,1828.86,1832.34,18.32893991
2,2022-01-03,1838.34,1845.66,1803.83,1810.15,73.25585534
3,2022-01-04,1810.15,1824.35,1793.76,1815.84,125.33311322
4,2022-01-05,1815.99,1836.79,1813.28,1814.65,162.16335583
5,2022-01-06,1814.64,1835.42,1787.5,1794.0,120.69829207
6,2022-01-07,1794.66,1808.27,1784.01,1802.53,95.06468528
7,2022-01-08,1802.94,1807.5,1789.5,1798.52,107.65542534
8,2022-01-09,1798.52,1815.0,1780.87,1798.0,102.35158951
9,2022-01-10,1794.21,1807.5,1778.89,1807.27,55.63814724
10,2022-01-11,1807.39,1824.35,1801.92,1823.6,21.54752457
11,2022-01-12,1824.35,1834.48,1820.34,1834.47,56.68686971
12,2022-01-13,1834.47,1835.42,1821.01,1825.53,48.99053042
13,2022-01-14,1829.1,1835.42,1823.05,1826.46,22.27293009
14,2022-01-15,1823.06,1832.77,1818.67,1824.3,23.69868161
15,2022-01-16,1824.3,1835.5,1806.97,1827.03,83.26834959
16,2022-01-17,1826.9,1828.44,1812.12,1819.09,20.71922528
17,2022-01-18,1822.99,1825.49,1813.12,1825.31,44.27401352
18,2022-01-19,1819.3,1858.0,1815.62,1846.9,55.78362859
19,2022-01-20,1846.9,1861.55,1838.0,1846.24,83.83623422
20,2022-01-21,1841.17,1911.27,1803.11,1839.05,280.78960273
21,2022-01-22,1844.34,1857.56,1810.0,1844.8,210.55661285
22,2022-01-23,1844.81,1860.19,1835.42,1840.92,98.87964654
23,2022-01-24,1840.92,1861.03,1837.0,1854.4,175.22480745
24,2022-01-25,1852.5,1865.07,1842.57,1864.43,165.11061232
25,2022-01-26,1859.05,1868.63,1822.07,1848.4,188.53986062
26,2022-01-27,1848.4,1860.57,1799.09,1814.28,177.84858178
27,2022-01-28,1814.02,1823.6,1800.72,1804.01,204.3372745
28,2022-01-29,1804.01,1815.88,1797.0,1806.35,62.31626197
29,2022-01-30,1806.43,1824.35,1796.0,1802.01,122.86483863
30,2022-01-31,1802.0,1810.6,1782.0,1810.55,90.43533708
31,2022-02-01,1804.72,1816.55,1786.98,1805.23,66.25965113
32,2022-02-02,1804.11,1830.0,1790.0,1808.12,122.59845969
33,2022-02-03,1810.55,1822.22,1794.83,1811.0,92.26450146
34,2022-02-04,1811.0,1856.0,1803.84,1817.81,163.55493009
35,2022-02-05,1823.87,1846.76,1805.0,1815.3,132.00862309
36,2022-02-06,1815.31,1859.0,1810.0,1821.6,143.2454308
37,2022-02-07,1816.53,1828.58,1809.09,1823.01,80.1809941
38,2022-02-08,1828.42,1846.58,1811.1,1831.34,133.00275444
39,2022-02-09,1831.34,1840.03,1827.0,1837.7,53.37550294
40,2022-02-10,1832.64,1849.34,1823.6,1831.32,110.32115615
41,2022-02-11,1831.32,1896.0,1820.0,1875.66,289.99106958
42,2022-02-12,1875.66,1926.72,1852.49,1889.33,491.32897359
43,2022-02-13,1882.8,1910.64,1872.56,1883.69,248.0264858
44,2022-02-14,1883.69,1920.96,1868.63,1884.67,261.34337008
45,2022-02-15,1884.67,1919.19,1850.0,1857.09,349.96937154
46,2022-02-16,1852.15,1883.38,1841.6,1874.4,157.74225076
47,2022-02-17,1879.69,1961.06,1870.0,1920.07,437.04820598
48,2022-02-18,1920.07,1936.74,1890.0,1916.0,372.77374387
49,2022-02-19,1910.46,1934.12,1908.3,1916.51,120.95066151
50,2022-02-20,1916.51,1959.0,1910.08,1931.34,313.82910818
51,2022-02-21,1934.33,1983.22,1897.88,1960.59,388.87595652
52,2022-02-22,1960.59,1989.15,1910.0,1910.0,302.13307008
53,2022-02-23,1915.86,1937.99,1890.0,1925.59,242.08450898
54,2022-02-24,1924.9,2170.0,1890.0,1928.35,2567.40736804
55,2022-02-25,1927.35,1943.15,1885.12,1894.98,507.09303311
56,2022-02-26,1897.68,1904.54,1870.0,1893.33,332.89558121
57,2022-02-27,1890.18,1936.12,1880.99,1915.37,387.94275446
58,2022-02-28,1913.64,1933.43,1868.13,1893.2,457.9269638
59,2022-03-01,1893.2,1938.8,1881.0,1932.55,416.9070036
60,2022-03-02,1932.54,1940.84,1910.0,1924.22,183.52909082
61,2022-03-03,1921.07,1949.28,1910.0,1936.59,273.44657903
62,2022-03-04,1936.57,1977.88,1923.51,1971.82,398.93013876
63,2022-03-05,1968.73,2004.51,1962.75,1978.31,274.61286223
64,2022-03-06,1978.31,2023.66,1965.81,2000.07,257.35184561
65,2022-03-07,1999.34,2100.0,1972.25,2014.54,1480.13573479
66,2022-03-08,2014.54,2090.0,1991.96,2063.78,755.00972117
67,2022-03-09,2063.77,2073.0,1985.0,1994.99,1140.99663368
68,2022-03-10,1990.97,2061.11,1972.2,1994.51,985.80685805
69,2022-03-11,1997.4,2006.23,1965.68,1984.0,271.97041699
70,2022-03-12,1984.3,2018.55,1979.99,1998.51,243.97108679
71,2022-03-13,1998.69,2012.72,1980.29,1986.49,241.9883304
72,2022-03-14,1984.01,1997.56,1954.93,1962.29,340.63532598
73,2022-03-15,1959.98,1960.07,1890.0,1925.01,591.43008167
74,2022-03-16,1921.14,1938.27,1900.1,1938.27,350.19413987
75,2022-03-17,1938.26,1961.68,1936.0,1947.81,233.39553795
76,2022-03-18,1948.07,1954.51,1914.99,1923.07,348.46737849
77,2022-03-19,1923.06,1927.11,1908.66,1918.72,228.41237911
78,2022-03-20,1915.73,1927.22,1909.0,1924.46,278.96439829
79,2022-03-21,1924.93,1943.09,1920.6,1936.59,180.92626508
80,2022-03-22,1935.23,1943.79,1909.17,1917.48,285.35608676
81,2022-03-23,1915.74,1950.9,1914.38,1946.92,272.22417173
82,2022-03-24,1947.07,1977.1,1934.24,1960.0,448.65524066
83,2022-03-25,1962.33,1966.47,1947.0,1958.08,171.27590169
84,2022-03-26,1955.55,1976.84,1955.09,1964.35,105.45203609
85,2022-03-27,1964.35,1982.37,1946.78,1952.55,135.50858487
86,2022-03-28,1952.63,1952.63,1909.59,1923.0,1239.81952381
87,2022-03-29,1925.39,1926.15,1890.29,1917.09,537.9992191
88,2022-03-30,1916.18,1935.0,1915.7,1929.14,247.42161878
89,2022-03-31,1929.61,1947.68,1920.05,1933.63,259.13619343
90,2022-04-01,1933.63,1949.51,1911.58,1923.05,298.59631459
91,2022-04-02,1921.9,1924.93,1910.58,1919.48,184.85026553
92,2022-04-03,1919.42,1926.05,1912.61,1919.57,120.78365909
93,2022-04-04,1919.68,1940.72,1919.55,1931.54,163.40645572
94,2022-04-05,1931.41,1935.22,1860.19,1914.83,368.41562214
95,2022-04-06,1916.44,1928.99,1909.34,1921.62,215.25080237
96,2022-04-07,1921.31,1938.0,1919.22,1930.65,129.4887232
97,2022-04-08,1928.32,1952.5,1924.96,1944.93,157.87260444
98,2022-04-09,1944.9,1957.51,1940.55,1946.76,128.36956169
99,2022-04-10,1946.63,1953.14,1940.52,1941.4,94.78458115
100,2022-04-11,1941.55,1977.97,1939.2,1956.19,430.3858135
101,2022-04-12,1957.32,1980.0,1948.98,1970.69,416.66828461
102,2022-04-13,1971.04,1994.04,1966.71,1983.72,515.34978515
103,2022-04-14,1982.24,1983.72,1964.21,1977.25,302.8536076
104,2022-04-15,1975.07,1983.45,1970.95,1983.26,108.73825008
105,2022-04-16,1981.01,1990.0,1981.0,1982.99,96.81083909
106,2022-04-17,1981.32,1999.5,1978.88,1988.62,256.5526741
107,2022-04-18,1988.11,2022.0,1975.05,1978.56,405.73937239
108,2022-04-19,1979.37,1987.68,1960.0,1960.0,261.08842715
109,2022-04-20,1961.48,1979.0,1950.9,1964.93,450.03788265
110,2022-04-21,1964.82,1967.74,1933.22,1959.47,198.06214587
111,2022-04-22,1957.39,1965.12,1932.05,1933.31,151.03985214
112,2022-04-23,1933.32,1937.99,1930.19,1932.03,216.20271086
113,2022-04-24,1931.82,1938.6,1930.76,1934.01,75.01084836
114,2022-04-25,1934.3,1938.01,1890.0,1911.33,436.32659341
115,2022-04-26,1911.18,1918.8,1897.81,1906.96,208.70573041
116,2022-04-27,1908.28,1914.77,1885.88,1893.32,158.5520332
117,2022-04-28,1893.36,1905.0,1883.0,1898.94,166.07937308
118,2022-04-29,1898.79,1935.31,1897.67,1902.66,252.39681592
119,2022-04-30,1903.86,1909.5,1896.72,1904.42,98.49029148
120,2022-05-01,1904.42,1907.98,1896.25,1903.29,110.17442302
121,2022-05-02,1903.29,1904.18,1863.0,1870.64,180.34175285
122,2022-05-03,1869.17,1877.44,1856.0,1868.33,196.40671216
123,2022-05-04,1868.5,1889.42,1863.28,1889.42,361.82230704
124,2022-05-05,1889.63,1906.19,1868.14,1877.82,213.52763109
125,2022-05-06,1876.74,1900.19,1868.2,1887.95,443.11812686
126,2022-05-07,1887.95,1900.19,1884.82,1889.88,166.04920935
127,2022-05-08,1889.88,1924.8,1874.4,1884.44,438.44804116
128,2022-05-09,1883.58,1884.04,1841.41,1853.67,379.15668027
129,2022-05-10,1852.93,1864.6,1823.68,1833.62,625.51967936
130,2022-05-11,1833.0,1914.52,1812.0,1864.22,1204.61086082
131,2022-05-12,1862.68,2793.49,1818.34,1839.82,3655.55156462
132,2022-05-13,1838.32,1849.88,1792.92,1808.0,863.77515084
133,2022-05-14,1808.51,1821.29,1803.83,1812.36,225.3234405
134,2022-05-15,1812.35,1816.96,1802.08,1811.89,123.11956087
135,2022-05-16,1809.99,1830.0,1791.0,1825.41,256.94437084
136,2022-05-17,1825.88,1842.11,1816.56,1820.02,257.90362285
137,2022-05-18,1820.39,1830.08,1807.96,1816.09,206.2408051
138,2022-05-19,1817.64,1942.33,1815.0,1852.02,725.06168827
139,2022-05-20,1852.04,1854.47,1835.98,1851.07,187.73608378
140,2022-05-21,1851.07,1865.75,1845.81,1854.72,118.82026811
141,2022-05-22,1855.82,1867.18,1832.55,1852.31,293.4140272
142,2022-05-23,1852.04,1888.46,1850.46,1853.1,257.84314696
143,2022-05-24,1855.44,1880.0,1851.16,1871.03,247.05277255
144,2022-05-25,1871.0,1874.1,1850.35,1858.01,120.8446403
145,2022-05-26,1856.99,1862.44,1838.43,1849.95,225.79807139
146,2022-05-27,1851.4,1889.0,1844.69,1851.89,347.1534338
147,2022-05-28,1852.0,1858.4,1849.0,1854.0,105.6082479
148,2022-05-29,1853.24,1857.49,1840.0,1847.73,202.17535578
149,2022-05-30,1848.0,1870.0,1837.65,1857.4,226.91804053
150,2022-05-31,1857.97,1859.25,1835.28,1836.87,159.64929906
151,2022-06-01,1835.61,1851.87,1828.36,1849.49,148.34967585
152,2022-06-02,1849.71,1871.25,1842.41,1870.81,146.84169954
153,2022-06-03,1870.94,1875.0,1851.87,1854.24,87.16757331
154,2022-06-04,1854.08,1866.2,1848.0,1860.14,102.69085544
155,2022-06-05,1859.8,1864.0,1852.26,1856.25,70.27001681
156,2022-06-06,1855.01,1862.41,1840.0,1843.83,164.14938884
157,2022-06-07,1843.8,1860.0,1834.97,1854.6,145.6213691
158,2022-06-08,1854.27,1860.03,1840.0,1853.83,238.73433319
159,2022-06-09,1853.83,1858.26,1838.0,1847.48,328.79332142
160,2022-06-10,1845.88,1875.0,1830.76,1872.2,203.44559998
161,2022-06-11,1871.7,1880.0,1856.84,1879.65,200.62981468
162,2022-06-12,1879.62,1890.95,1870.0,1880.83,222.11489337
163,2022-06-13,1881.9,1883.59,1825.0,1825.87,1072.68312501
164,2022-06-14,1826.03,1839.47,1800.0,1814.32,578.18953167
165,2022-06-15,1814.33,1847.47,1809.53,1838.95,483.56784303
166,2022-06-16,1838.87,1870.0,1821.0,1857.58,320.95025133
167,2022-06-17,1857.43,1859.09,1836.0,1840.58,279.8426655
168,2022-06-18,1840.31,1853.06,1821.1,1825.58,451.24950073
169,2022-06-19,1825.58,1870.0,1814.82,1842.24,312.0520492
170,2022-06-20,1841.35,1851.52,1836.0,1847.41,255.31780866
171,2022-06-21,1847.4,1848.0,1833.41,1835.45,96.21804831
172,2022-06-22,1835.33,1846.0,1826.88,1841.44,127.82809881
173,2022-06-23,1841.44,1845.74,1826.26,1828.27,198.67937532
174,2022-06-24,1828.2,1841.53,1820.0,1825.11,190.43486659
175,2022-06-25,1825.12,1829.13,1820.26,1822.98,90.81359304
176,2022-06-26,1820.67,1832.86,1820.1,1829.27,106.82968977
177,2022-06-27,1829.25,1840.26,1823.15,1828.97,121.54908309
178,2022-06-28,1828.19,1834.57,1819.97,1823.49,91.61953808
179,2022-06-29,1823.49,1834.0,1818.82,1823.7,189.64673081
180,2022-06-30,1823.8,1825.98,1806.47,1814.32,175.8689815
181,2022-07-01,1814.31,1820.0,1780.0,1804.81,275.42615086
182,2022-07-02,1805.8,1814.2,1802.96,1811.82,123.01079127
183,2022-07-03,1808.88,1815.0,1802.07,1811.99,145.97608386
184,2022-07-04,1811.98,1816.74,1703.47,1812.0,222.49396716
185,2022-07-05,1811.66,1817.52,1766.0,1771.24,243.51090308
186,2022-07-06,1770.62,1776.47,1728.02,1745.03,141.7336386
187,2022-07-07,1743.33,1749.8,1729.87,1740.86,89.57061513
188,2022-07-08,1740.49,1755.93,1733.88,1742.11,77.54881539
189,2022-07-09,1741.75,1744.77,1734.97,1739.03,38.04137364
190,2022-07-10,1738.98,1745.96,1727.28,1743.1,58.50010019
191,2022-07-11,1742.3,1748.47,1704.1,1731.64,62.00017731
192,2022-07-12,1731.38,1744.1,1718.63,1725.41,86.0265713
193,2022-07-13,1724.55,1745.55,1706.24,1736.98,122.95129187
194,2022-07-14,1736.27,1738.45,1702.87,1714.71,67.84348774
195,2022-07-15,1713.32,1717.51,1699.97,1704.51,83.8970523
196,2022-07-16,1704.51,1709.67,1550.0,1698.01,239.14059605
197,2022-07-17,1695.61,1706.62,1686.66,1705.4,92.63019646
198,2022-07-18,1703.82,1722.8,1703.0,1707.3,131.87922531
199,2022-07-19,1707.3,1715.35,1690.57,1705.58,119.58965006
200,2022-07-20,1704.65,1711.04,1688.0,1694.55,74.99088286
201,2022-07-21,1694.55,1717.03,1679.04,1715.44,69.78307744
202,2022-07-22,1716.27,1731.79,1710.45,1728.18,76.0806754
203,2022-07-23,1726.17,1730.75,1720.55,1725.59,85.75379135
204,2022-07-24,1725.54,1728.15,1720.52,1720.75,27.71008021
205,2022-07-25,1720.7,1727.0,1711.87,1712.05,42.97514942
206,2022-07-26,1712.05,1724.7,1707.13,1717.58,81.38686412
207,2022-07-27,1717.58,1735.68,1711.87,1733.0,77.43178736
208,2022-07-28,1733.0,1756.84,1731.37,1746.56,89.42607988
209,2022-07-29,1748.64,1799.97,1714.18,1758.2,133.42334612
210,2022-07-30,1763.01,1766.61,1756.99,1763.27,38.34330618
211,2022-07-31,1763.21,1767.82,1757.9,1759.51,54.63901469
212,2022-08-01,1760.58,1772.53,1756.66,1771.02,44.08936517
213,2022-08-02,1770.98,1785.5,1749.28,1749.94,98.5536539
214,2022-08-03,1751.42,1770.93,1748.65,1757.14,117.29262696
215,2022-08-04,1755.51,1789.09,1725.93,1787.58,127.39408635
216,2022-08-05,1786.49,1789.8,1763.15,1772.39,60.14658481
217,2022-08-06,1771.59,1772.76,1764.69,1765.07,24.30146818
218,2022-08-07,1767.88,1770.22,1759.89,1765.4,37.55132607
219,2022-08-08,1765.46,1787.99,1765.43,1779.41,129.3085046
220,2022-08-09,1779.78,1795.56,1776.04,1791.21,84.22985804
221,2022-08-10,1789.27,1802.5,1782.41,1788.84,69.64679854
222,2022-08-11,1786.58,1791.61,1777.21,1777.5,47.48514708
223,2022-08-12,1779.31,1796.75,1776.4,1795.79,39.41546713
224,2022-08-13,1795.33,1802.65,1787.75,1793.3,94.43075695
225,2022-08-14,1791.67,1796.62,1783.8,1790.0,56.98485521
226,2022-08-15,1790.78,1793.94,1767.81,1772.35,81.94678699
227,2022-08-16,1772.33,1776.76,1766.11,1768.87,27.18422169
228,2022-08-17,1769.31,1776.89,1753.7,1755.48,48.89768624
229,2022-08-18,1756.6,1763.39,1750.0,1750.0,29.52800847
230,2022-08-19,1750.94,1751.69,1734.26,1737.54,97.36178526
231,2022-08-20,1737.72,1742.4,1731.01,1737.61,49.93588104
232,2022-08-21,1738.82,1742.56,1734.65,1741.0,56.56813905
233,2022-08-22,1740.0,1740.64,1719.31,1733.28,129.27611176
234,2022-08-23,1731.74,1748.7,1726.05,1743.31,41.80928642
235,2022-08-24,1746.24,1752.49,1738.45,1743.02,46.64011854
236,2022-08-25,1743.09,1758.21,1742.25,1752.45,23.15187283
237,2022-08-26,1750.26,1751.22,1724.54,1727.6,51.58894357
238,2022-08-27,1726.34,1732.49,1723.82,1730.54,33.46562026
239,2022-08-28,1727.92,1737.15,1719.99,1721.45,92.09499853
240,2022-08-29,1721.38,1745.68,1711.0,1729.78,53.809444
241,2022-08-30,1728.08,1730.0,1711.04,1713.15,45.18970542
242,2022-08-31,1715.4,1721.6,1702.0,1702.0,90.79218672
243,2022-09-01,1702.0,1706.6,1683.28,1692.5,47.03780756
244,2022-09-02,1692.37,1707.69,1689.99,1701.37,56.4046482
245,2022-09-03,1701.29,1705.34,1699.42,1704.79,23.90530293
246,2022-09-04,1704.79,1707.51,1699.58,1706.39,77.59605381
247,2022-09-05,1705.51,1709.06,1698.17,1707.66,56.88788372
248,2022-09-06,1706.61,1718.4,1684.46,1693.03,104.45367226
249,2022-09-07,1692.99,1714.19,1683.28,1708.68,49.5094965
250,2022-09-08,1708.83,1719.82,1697.24,1702.33,57.13018444
251,2022-09-09,1702.34,1725.0,1702.34,1709.26,72.13761769
252,2022-09-10,1708.1,1715.38,1707.35,1713.28,41.52521944
253,2022-09-11,1713.95,1718.38,1704.58,1714.38,49.54312784
254,2022-09-12,1714.23,1732.82,1705.73,1718.04,58.73846257
255,2022-09-13,1718.96,1727.21,1690.85,1692.45,147.28619575
256,2022-09-14,1692.5,1699.0,1685.61,1688.53,64.89300697
257,2022-09-15,1689.54,1690.61,1650.01,1653.23,160.36708048
258,2022-09-16,1653.26,1669.0,1518.69,1665.52,158.61124508
259,2022-09-17,1665.22,1669.13,1662.0,1667.08,45.64449507
260,2022-09-18,1665.82,1670.35,1662.46,1669.64,26.08501451
261,2022-09-19,1669.67,1669.67,1647.5,1666.43,207.18780173
262,2022-09-20,1667.44,1668.86,1652.26,1655.53,40.0763336
263,2022-09-21,1655.53,1679.75,1643.66,1661.01,153.3796
264,2022-09-22,1659.88,1672.88,1645.2,1664.63,108.7671
265,2022-09-23,1663.64,1669.62,1632.54,1636.69,111.9862
266,2022-09-24,1636.79,1638.83,1634.4,1636.77,43.915
267,2022-09-25,1638.06,1644.62,1629.72,1633.08,29.3902
268,2022-09-26,1633.05,1640.9,1612.33,1617.76,54.0694
269,2022-09-27,1619.25,1633.23,1614.6,1619.83,149.6344
270,2022-09-28,1620.41,1656.24,1603.52,1645.65,155.1154
271,2022-09-29,1647.83,1655.48,1629.55,1655.48,47.6206
272,2022-09-30,1655.48,1669.0,1650.5,1652.64,65.428
273,2022-10-01,1654.74,1656.92,1652.06,1655.77,11.0398
274,2022-10-02,1655.76,1657.85,1648.97,1653.7,30.0875
275,2022-10-03,1653.71,1697.1,1650.49,1696.97,90.7949
276,2022-10-04,1694.85,1729.01,1691.95,1729.01,146.4022
277,2022-10-05,1723.81,1723.81,1694.37,1711.48,35.7294
278,2022-10-06,1710.56,1720.0,1699.58,1704.89,21.2138
279,2022-10-07,1706.14,1708.56,1684.59,1687.93,61.5135918
280,2022-10-08,1688.09,1689.91,1684.5,1687.52,5.0348
281,2022-10-09,1685.88,1690.93,1684.51,1689.66,14.1244
282,2022-10-10,1689.4,1689.81,1657.86,1660.14,58.8846
283,2022-10-11,1659.82,1675.73,1654.32,1663.01,54.0398
284,2022-10-12,1663.01,1669.17,1658.65,1665.46,37.859
285,2022-10-13,1665.48,1669.4,1638.45,1658.01,94.1877
286,2022-10-14,1658.04,1665.22,1634.3,1635.2,40.6742
287,2022-10-15,1635.2,1639.13,1630.74,1636.55,25.0124
288,2022-10-16,1636.83,1641.33,1634.35,1640.72,6.83
289,2022-10-17,1640.34,1659.98,1637.39,1647.79,27.1339
290,2022-10-18,1648.67,1652.1,1639.64,1646.52,21.6324
291,2022-10-19,1645.27,1646.47,1618.99,1620.41,28.5106
292,2022-10-20,1620.36,1661.25,1620.0,1621.61,53.1376
293,2022-10-21,1621.95,1663.98,1609.71,1648.3,80.6384
294,2022-10-22,1648.37,1681.7,1648.37,1650.03,31.157
295,2022-10-23,1649.68,1693.7,1585.0,1656.93,69.7353
296,2022-10-24,1656.81,1661.52,1640.0,1644.95,41.9424
297,2022-10-25,1645.13,1672.68,1600.01,1646.37,126.9374
298,2022-10-26,1645.55,1698.0,1643.6,1659.5,59.8178
299,2022-10-27,1660.47,1679.0,1650.0,1654.0,34.668
300,2022-10-28,1654.28,1657.29,1635.1,1637.0,45.9024
301,2022-10-29,1637.0,1644.75,1634.33,1638.13,36.6334
302,2022-10-30,1635.97,1643.54,1635.18,1637.67,13.1469
303,2022-10-31,1637.67,1639.47,1627.0,1628.39,19.3057
304,2022-11-01,1628.13,1649.7,1627.01,1640.01,46.7654
305,2022-11-02,1640.01,1660.22,1628.5,1632.36,96.3309
306,2022-11-03,1632.51,1637.52,1614.26,1624.91,55.6916
307,2022-11-04,1626.5,1673.79,1591.0,1669.73,141.3902
308,2022-11-05,1671.8,1680.78,1667.45,1670.38,34.0694
309,2022-11-06,1671.41,1695.35,1662.51,1662.52,85.02655968
310,2022-11-07,1662.52,1675.0,1641.0,1663.26,53.8257
311,2022-11-08,1663.26,1718.88,1655.55,1699.94,271.7276
312,2022-11-09,1699.89,1714.5,1685.61,1695.84,509.4114
313,2022-11-10,1695.84,1760.0,1691.0,1745.54,422.5263
314,2022-11-11,1747.3,1785.0,1737.7,1780.75,230.648
315,2022-11-12,1780.99,1787.82,1696.92,1731.83,293.4452
316,2022-11-13,1732.14,1748.91,1721.8,1739.17,384.0672
317,2022-11-14,1738.82,1767.46,1719.07,1748.56,157.5184
318,2022-11-15,1749.04,1780.0,1662.6,1770.03,265.37402707
319,2022-11-16,1771.99,1777.23,1755.21,1763.76,98.1176
320,2022-11-17,1765.5,1769.84,1740.82,1762.0,124.993
321,2022-11-18,1762.0,1763.18,1733.7,1738.52,94.1387
322,2022-11-19,1738.52,1747.47,1733.7,1745.33,50.8811
323,2022-11-20,1744.52,1758.77,1738.25,1750.32,92.2509
324,2022-11-21,1749.65,1766.02,1730.0,1741.51,83.4897
325,2022-11-22,1742.46,1747.0,1730.28,1733.53,118.9198
326,2022-11-23,1733.6,1749.72,1726.54,1745.98,64.6022
327,2022-11-24,1745.98,1756.13,1739.25,1743.35,42.1975
328,2022-11-25,1743.35,1754.01,1741.3,1749.99,37.0706
329,2022-11-26,1749.99,1764.8,1749.1,1749.5,28.2994
330,2022-11-27,1749.19,1757.49,1745.75,1745.77,25.3896
331,2022-11-28,1745.76,1753.16,1719.0,1738.79,74.8092
332,2022-11-29,1738.57,1748.84,1736.63,1738.81,44.5083
333,2022-11-30,1738.56,1761.6,1738.0,1761.6,74.6789
334,2022-12-01,1760.93,1815.0,1760.24,1792.43,103.5937
335,2022-12-02,1793.39,1798.64,1777.84,1789.72,65.2619
336,2022-12-03,1789.64,1789.73,1775.0,1785.22,30.147
337,2022-12-04,1786.28,1800.01,1783.8,1793.11,41.6472
338,2022-12-05,1791.32,1840.0,1765.0,1769.19,56.1682
339,2022-12-06,1768.9,1787.28,1764.8,1776.16,61.8479
340,2022-12-07,1776.16,1791.97,1770.87,1788.97,49.3755
341,2022-12-08,1788.81,1792.0,1779.99,1785.47,27.0527
342,2022-12-09,1785.46,1801.0,1773.76,1799.77,55.2292
343,2022-12-10,1799.77,1850.0,1785.1,1792.66,69.1794
344,2022-12-11,1791.04,1807.9,1791.04,1800.74,59.2925
345,2022-12-12,1801.2,1840.0,1777.02,1783.59,65.8274
346,2022-12-13,1783.56,1814.99,1770.0,1808.79,126.4857
347,2022-12-14,1809.68,1829.73,1794.1,1803.22,59.0342
348,2022-12-15,1803.22,1803.22,1768.0,1793.03,87.5833
349,2022-12-16,1790.47,1814.99,1771.48,1800.15,89.0364
350,2022-12-17,1800.0,1811.95,1797.09,1805.94,63.0367
351,2022-12-18,1805.64,1808.39,1794.4,1798.38,38.1074
352,2022-12-19,1796.82,1807.5,1790.01,1798.58,22.1756
353,2022-12-20,1797.87,1820.34,1793.02,1810.96,27.5133
354,2022-12-21,1811.1,1823.43,1806.44,1811.82,64.1383
355,2022-12-22,1811.46,1824.0,1790.78,1797.93,41.9168
356,2022-12-23,1797.93,1810.8,1795.06,1806.33,29.2814
357,2022-12-24,1806.35,1808.72,1800.01,1803.32,10.0962
358,2022-12-25,1803.14,1806.42,1800.0,1800.22,10.9816
359,2022-12-26,1800.22,1823.04,1798.03,1803.21,19.7267
360,2022-12-27,1803.21,1820.0,1800.0,1814.54,31.9685
361,2022-12-28,1814.53,1814.53,1803.09,1806.57,19.9294
362,2022-12-29,1806.57,1821.71,1805.1,1817.81,61.1689
363,2022-12-30,1818.66,1830.0,1813.67,1826.19,46.68
364,2022-12-31,1826.25,1830.0,1809.99,1819.29,70.8587
365,2023-01-01,1819.3,1822.97,1816.05,1821.53,9.8523
366,2023-01-02,1822.22,1828.74,1807.91,1820.42,87.8712
367,2023-01-03,1820.42,1844.43,1819.79,1838.41,54.2483
368,2023-01-04,1838.4,1865.5,1836.85,1853.34,67.2871
369,2023-01-05,1853.74,1855.64,1831.14,1834.85,36.8302
370,2023-01-06,1834.72,1857.0,1831.54,1853.0,62.5629
371,2023-01-07,1852.9,1865.85,1847.01,1857.16,35.3128
372,2023-01-08,1858.05,1869.0,1850.0,1858.43,89.1715
373,2023-01-09,1858.82,1874.68,1856.38,1860.91,57.8169
374,2023-01-10,1860.87,1865.89,1855.01,1861.6,27.1113
375,2023-01-11,1860.32,1875.0,1859.09,1873.4,25.0144
376,2023-01-12,1874.06,1886.87,1864.94,1883.7,68.2451
377,2023-01-13,1883.24,1906.0,1878.72,1896.95,86.4882
378,2023-01-14,1898.67,1942.13,1873.09,1887.58,195.4604
379,2023-01-15,1889.33,1899.94,1883.59,1898.49,59.3012
380,2023-01-16,1899.43,1906.24,1886.86,1886.86,114.2151
381,2023-01-17,1886.75,1896.69,1880.2,1886.31,57.0005
382,2023-01-18,1885.25,1896.18,1883.99,1884.0,84.4514
383,2023-01-19,1888.5,1915.0,1883.99,1915.0,57.975
384,2023-01-20,1915.0,1920.0,1904.02,1909.1,88.2088
385,2023-01-21,1908.47,1919.43,1897.34,1909.13,141.5046
386,2023-01-22,1910.43,1911.07,1899.1,1907.96,80.3902
387,2023-01-23,1907.96,1914.3,1899.65,1910.06,46.594
388,2023-01-24,1909.02,1990.0,1903.29,1906.06,107.439
389,2023-01-25,1906.0,1927.03,1904.28,1921.84,98.6657
390,2023-01-26,1922.54,1930.05,1910.01,1917.88,67.3189
391,2023-01-27,1918.41,1919.25,1908.36,1911.85,52.3222
392,2023-01-28,1912.97,1917.99,1910.28,1915.49,38.3724
393,2023-01-29,1916.24,1920.0,1905.0,1911.02,96.7966
394,2023-01-30,1910.63,1911.6,1889.14,1893.24,106.7115
395,2023-01-31,1893.23,1903.0,1862.2,1899.01,128.9854
396,2023-02-01,1897.92,1918.87,1888.0,1916.04,92.8125
397,2023-02-02,1915.79,1925.98,1891.0,1903.96,239.6172
398,2023-02-03,1903.7,1910.0,1860.0,1865.8,199.8578
399,2023-02-04,1864.87,1866.0,1849.11,1856.1,109.2453
400,2023-02-05,1856.37,1858.0,1841.85,1855.0,90.9007
401,2023-02-06,1854.38,1883.35,1853.75,1865.1,79.1746
402,2023-02-07,1866.32,1875.87,1854.17,1860.93,91.1314
403,2023-02-08,1860.37,1868.26,1833.0,1866.46,106.7683
404,2023-02-09,1862.62,1872.37,1840.7,1841.38,67.9706
405,2023-02-10,1842.38,1845.48,1810.0,1822.4,134.92810314
406,2023-02-11,1822.4,1836.39,1813.1,1827.14,87.1586
407,2023-02-12,1827.13,1832.99,1816.01,1824.41,47.0181
408,2023-02-13,1824.41,1841.51,1757.41,1800.09,525.5028
409,2023-02-14,1803.43,1851.08,1802.1,1828.31,198.1575
410,2023-02-15,1826.72,1836.98,1803.63,1826.23,104.0781
411,2023-02-16,1825.28,1832.99,1813.02,1818.41,84.9413
412,2023-02-17,1817.95,1827.61,1802.43,1817.23,88.4056
413,2023-02-18,1817.08,1823.99,1811.11,1821.96,20.804
414,2023-02-19,1823.67,1830.0,1807.5,1819.27,55.1446
415,2023-02-20,1817.53,1825.25,1804.16,1812.43,99.2169
416,2023-02-21,1813.74,1815.09,1800.0,1805.07,40.1641
417,2023-02-22,1805.52,1826.46,1800.0,1811.45,63.8479
418,2023-02-23,1813.44,1821.71,1806.71,1811.24,27.0903
419,2023-02-24,1813.92,1815.58,1791.39,1797.3,28.6595
420,2023-02-25,1799.56,1800.63,1775.0,1792.4,51.1562
421,2023-02-26,1793.4,1800.35,1790.34,1797.2,27.6078
422,2023-02-27,1797.2,1808.0,1791.39,1806.04,35.3356
423,2023-02-28,1806.9,1812.8,1795.81,1809.5,53.4617
424,2023-03-01,1809.99,1828.08,1804.67,1822.38,60.6267
425,2023-03-02,1824.26,1825.94,1815.0,1821.99,12.9695
426,2023-03-03,1821.99,1917.14,1799.31,1845.24,274.675
427,2023-03-04,1845.25,1852.8,1832.01,1846.52,57.7165
428,2023-03-05,1846.52,1855.26,1841.38,1841.79,34.5348
429,2023-03-06,1841.31,1856.0,1831.32,1832.2,41.0084
430,2023-03-07,1831.32,1841.14,1808.52,1810.75,87.9703
431,2023-03-08,1811.2,1813.4,1800.43,1805.39,52.6139
432,2023-03-09,1805.24,1816.59,1802.08,1805.39,92.6202
433,2023-03-10,1805.39,1869.15,1800.0,1861.76,240.769
434,2023-03-11,1861.77,1953.75,1854.45,1890.06,948.7814
435,2023-03-12,1888.88,1939.86,1868.26,1905.89,561.5141
436,2023-03-13,1906.87,1962.81,1880.0,1921.0,351.4715
437,2023-03-14,1921.15,1994.0,1889.19,1901.29,682.4392
438,2023-03-15,1901.64,1949.9,1892.39,1925.16,417.7587
439,2023-03-16,1925.46,1990.0,1897.31,1907.81,266.9376
440,2023-03-17,1907.54,1965.2,1902.29,1961.29,259.6035
441,2023-03-18,1959.34,1962.0,1950.13,1959.99,74.0279
442,2023-03-19,1958.5,1977.0,1957.3,1967.27,125.0914
443,2023-03-20,1967.26,2014.31,1948.61,1978.22,292.1825
444,2023-03-21,1978.19,1990.23,1942.7,1945.0,155.6603
445,2023-03-22,1944.99,1975.0,1930.0,1971.97,275.4098
446,2023-03-23,1971.99,2003.28,1970.1,1991.23,225.081
447,2023-03-24,1990.66,2005.84,1980.83,1988.24,212.2566
448,2023-03-25,1989.94,2010.0,1986.99,1999.46,180.259
449,2023-03-26,1999.15,2002.12,1987.41,1987.41,73.7745
450,2023-03-27,1989.53,1994.24,1968.65,1981.19,156.5993
451,2023-03-28,1982.84,2000.0,1977.99,1982.54,130.1946
452,2023-03-29,1982.5,1989.99,1981.0,1981.81,88.0416
453,2023-03-30,1982.24,1992.0,1973.97,1984.37,275.6719
454,2023-03-31,1983.66,1988.67,1965.0,1971.99,137.81
455,2023-04-01,1970.61,1982.23,1967.2,1980.23,79.7721
456,2023-04-02,1980.0,1995.99,1970.0,1976.22,119.3577
457,2023-04-03,1975.22,1992.98,1972.92,1986.19,99.5373
458,2023-04-04,1985.86,2031.31,1982.21,2024.43,236.6279
459,2023-04-05,2024.45,2051.98,1985.0,2030.3,225.0066
460,2023-04-06,2031.8,2035.38,2010.0,2016.76,79.0865
461,2023-04-07,2018.29,2029.31,2013.9,2021.22,29.5768
462,2023-04-08,2019.98,2023.2,2015.16,2017.58,25.2651
463,2023-04-09,2018.37,2030.0,2004.28,2017.97,196.4523
464,2023-04-10,2017.03,2020.89,2000.01,2011.3,112.0743
465,2023-04-11,2008.86,2024.91,2003.26,2019.73,104.2098
466,2023-04-12,2019.3,2034.32,2019.3,2026.81,105.5427
467,2023-04-13,2027.75,2047.06,2024.98,2042.44,117.657
468,2023-04-14,2041.48,2047.25,2010.0,2019.29,188.2914
469,2023-04-15,2019.29,2023.45,2009.59,2015.15,55.5364
470,2023-04-16,2014.49,2031.41,2010.15,2017.7,92.1506
471,2023-04-17,2016.62,2024.51,2002.53,2012.48,76.1022
472,2023-04-18,2011.66,2090.0,2008.32,2016.29,172.9574
473,2023-04-19,2016.24,2017.98,1988.17,2003.61,109.2173
474,2023-04-20,2002.18,2019.98,1999.0,2006.35,75.2233
475,2023-04-21,2005.93,2027.2,1980.18,1982.14,90.6356
476,2023-04-22,1981.16,1988.24,1981.0,1985.6,33.2062
477,2023-04-23,1986.27,1988.33,1977.0,1983.76,48.1137
478,2023-04-24,1985.57,1994.0,1966.14,1991.36,86.0723
479,2023-04-25,1989.18,2004.83,1984.76,2002.58,47.8625
480,2023-04-26,2003.95,2005.65,1955.0,1985.04,167.38181185
481,2023-04-27,1986.57,1999.98,1925.0,1985.49,140.7789
482,2023-04-28,1985.49,2012.0,1983.69,1988.29,75.695
483,2023-04-29,1987.88,2002.14,1984.34,1994.16,19.9686
484,2023-04-30,1994.34,2100.0,1989.59,2002.01,168.3284
485,2023-05-01,2002.01,2005.27,1986.0,1992.46,102.8152
486,2023-05-02,1992.89,2012.23,1990.0,2010.84,136.5408
487,2023-05-03,2011.14,2047.4,2008.92,2039.73,96.3509
488,2023-05-04,2040.63,2054.43,1990.0,2051.79,155.3255
489,2023-05-05,2052.91,2089.0,2010.0,2020.66,157.0443
490,2023-05-06,2020.25,2029.15,2012.5,2022.49,54.8448
491,2023-05-07,2023.03,2025.0,2013.64,2015.01,35.0109
492,2023-05-08,2016.31,2029.5,2014.18,2028.78,93.8555
493,2023-05-09,2028.19,2040.89,2025.58,2039.56,59.2534
494,2023-05-10,2039.67,2048.0,2028.36,2039.77,149.1395
495,2023-05-11,2039.96,2046.44,2014.0,2023.47,99.0795
496,2023-05-12,2024.98,2028.08,2010.52,2024.71,56.4469
497,2023-05-13,2024.4,2024.4,2010.0,2019.84,31.8005
498,2023-05-14,2019.84,2021.6,2011.0,2015.5,37.5102
499,2023-05-15,2016.7,2024.18,2013.13,2017.0,43.1046
500,2023-05-16,2017.06,2019.46,1993.79,1998.67,57.8911
501,2023-05-17,1998.95,2006.0,1987.57,1998.26,98.2119
502,2023-05-18,1997.12,1998.26,1971.83,1978.21,70.5786
503,2023-05-19,1975.74,1993.82,1972.85,1993.58,62.6421
504,2023-05-20,1990.8,1997.04,1987.28,1991.58,21.1056
505,2023-05-21,1990.21,1997.99,1985.2,1989.02,33.8405
506,2023-05-22,1989.0,1992.23,1976.61,1983.23,45.9181
507,2023-05-23,1983.22,1987.12,1965.05,1983.51,68.2928
508,2023-05-24,1985.34,1990.99,1968.2,1969.68,63.0241
509,2023-05-25,1971.06,1976.82,1961.0,1964.96,58.2405
510,2023-05-26,1964.98,1976.0,1957.83,1960.8,79.2043
511,2023-05-27,1961.79,1965.2,1955.83,1961.0,52.1149
512,2023-05-28,1960.64,1970.21,1958.92,1958.92,74.795
513,2023-05-29,1959.9,1965.2,1950.12,1952.99,105.6722
514,2023-05-30,1952.96,1980.7,1944.13,1968.2,85.0588
515,2023-05-31,1969.04,1975.57,1959.0,1972.18,81.3734
516,2023-06-01,1972.21,1986.0,1966.62,1978.46,106.4733
517,2023-06-02,1978.42,1983.0,1956.24,1959.19,53.1261
518,2023-06-03,1959.19,1959.19,1945.0,1948.21,65.5068
519,2023-06-04,1948.22,1950.9,1941.0,1947.03,45.5272
520,2023-06-05,1947.03,1955.0,1921.0,1924.18,159.006
521,2023-06-06,1924.83,1951.57,1921.0,1938.21,75.3449
522,2023-06-07,1938.43,1941.16,1916.64,1924.24,50.6559
523,2023-06-08,1924.87,1939.98,1913.81,1922.4,72.0667
524,2023-06-09,1922.4,1934.97,1913.8,1915.09,39.3052
525,2023-06-10,1915.79,1929.21,1888.07,1916.27,228.1343
526,2023-06-11,1917.59,1919.0,1909.65,1914.46,29.3749
527,2023-06-12,1915.03,1931.25,1914.28,1929.06,54.4629
528,2023-06-13,1929.06,1938.16,1916.81,1917.94,58.9973
529,2023-06-14,1917.94,1978.0,1885.0,1917.5,269.9582
530,2023-06-15,1919.39,1950.0,1905.0,1930.09,181.8091
531,2023-06-16,1928.74,1980.0,1908.06,1941.4,196.2833
532,2023-06-17,1944.14,1946.16,1931.68,1931.69,63.8193
533,2023-06-18,1931.77,1932.45,1919.56,1925.26,52.3278
534,2023-06-19,1926.64,1930.03,1900.01,1925.53,54.102
535,2023-06-20,1925.49,1987.0,1915.0,1925.33,330.2255
536,2023-06-21,1926.4,1932.28,1905.0,1919.07,147.0608
537,2023-06-22,1919.07,1919.99,1896.63,1901.69,137.542
538,2023-06-23,1901.69,1917.88,1893.48,1902.99,72.6519
539,2023-06-24,1902.99,1915.36,1895.0,1908.43,84.6404
540,2023-06-25,1908.48,1914.04,1901.9,1903.98,30.5779
541,2023-06-26,1903.86,1914.9,1894.93,1903.31,51.9853
542,2023-06-27,1903.76,1914.91,1896.82,1897.89,147.3079
543,2023-06-28,1897.85,1912.54,1850.5,1893.26,294.7669
544,2023-06-29,1891.89,1895.46,1867.0,1888.75,155.3539
545,2023-06-30,1888.74,1907.16,1879.61,1900.67,154.8828
546,2023-07-01,1899.14,1902.85,1889.84,1893.83,45.009
547,2023-07-02,1894.66,1898.09,1885.65,1894.95,51.012
548,2023-07-03,1894.7,1904.99,1885.52,1895.81,64.7431
549,2023-07-04,1895.85,1903.66,1884.72,1892.58,35.1239
550,2023-07-05,1892.12,1903.09,1884.85,1889.09,66.4877
551,2023-07-06,1887.86,1901.31,1886.28,1888.32,60.1978
552,2023-07-07,1888.4,1907.21,1886.68,1901.97,48.5309
553,2023-07-08,1903.85,1904.73,1898.22,1901.56,15.6079
554,2023-07-09,1903.69,1905.0,1895.19,1900.92,29.8191
555,2023-07-10,1902.99,1907.0,1897.95,1906.18,33.4423
556,2023-07-11,1906.72,1919.99,1904.73,1914.96,58.3948
557,2023-07-12,1912.66,1942.5,1911.26,1941.35,62.3913
558,2023-07-13,1941.36,1950.0,1930.8,1940.36,101.8872
559,2023-07-14,1940.34,1944.47,1905.0,1922.47,205.6075
560,2023-07-15,1923.56,1926.99,1913.62,1916.98,49.4346
561,2023-07-16,1916.95,1925.44,1915.58,1923.52,23.8046
562,2023-07-17,1923.11,1923.95,1911.02,1915.36,24.2276
563,2023-07-18,1915.32,1948.53,1910.78,1937.26,82.4748
564,2023-07-19,1937.23,1942.54,1934.08,1936.66,13.3651
565,2023-07-20,1935.55,1941.48,1902.89,1931.42,75.7371
566,2023-07-21,1931.27,1934.14,1914.24,1922.96,24.4527
567,2023-07-22,1922.95,1930.0,1913.8,1927.52,34.3489
568,2023-07-23,1926.94,1930.0,1915.26,1929.32,17.096
569,2023-07-24,1929.99,1938.87,1927.01,1934.06,32.2593
570,2023-07-25,1934.11,1941.22,1930.35,1940.76,28.92
571,2023-07-26,1940.76,1958.29,1938.66,1953.36,38.9235
572,2023-07-27,1953.61,1961.0,1934.24,1939.2,32.5005
573,2023-07-28,1939.24,1949.77,1936.56,1949.13,33.2196
574,2023-07-29,1949.27,1950.0,1939.49,1945.48,15.3648
575,2023-07-30,1946.57,1949.77,1942.23,1946.3,12.9345
576,2023-07-31,1946.47,1957.0,1941.4,1948.52,18.2518
577,2023-08-01,1950.22,1951.15,1933.19,1946.64,38.7316
578,2023-08-02,1946.63,1946.64,1928.0,1930.97,32.4825
579,2023-08-03,1933.81,1937.15,1927.56,1931.95,19.9592
580,2023-08-04,1931.42,1942.78,1926.77,1942.72,18.3497
581,2023-08-05,1942.6,1952.74,1932.73,1941.72,53.3278
582,2023-08-06,1941.86,1948.31,1934.81,1942.89,16.3676
583,2023-08-07,1943.24,1944.79,1928.56,1942.58,37.6234
584,2023-08-08,1942.51,1943.17,1835.52,1928.91,133.6255
585,2023-08-09,1928.13,1934.97,1917.77,1920.06,17.6609
586,2023-08-10,1919.13,1928.04,1916.5,1918.33,8.7311
587,2023-08-11,1916.83,1922.22,1879.86,1907.33,79.5159
588,2023-08-12,1907.28,1909.33,1895.48,1902.94,17.8082
589,2023-08-13,1901.31,1906.6,1896.83,1904.25,12.4982
590,2023-08-14,1904.25,1912.29,1898.39,1900.23,30.4401
591,2023-08-15,1898.4,1908.57,1893.0,1900.0,24.3621
592,2023-08-16,1896.79,1906.1,1888.91,1889.24,45.7639
593,2023-08-17,1889.19,1897.8,1765.01,1868.34,238.5669
594,2023-08-18,1868.35,1892.24,1868.34,1875.0,104.79489999
595,2023-08-19,1872.21,1878.96,1869.35,1870.96,18.5009
596,2023-08-20,1871.31,1875.0,1832.0,1870.69,58.8634
597,2023-08-21,1871.86,1882.24,1868.35,1879.37,33.0638
598,2023-08-22,1879.17,1897.78,1876.91,1888.63,65.8831
599,2023-08-23,1889.86,1912.31,1885.31,1907.93,54.27769996
600,2023-08-24,1906.51,1913.0,1899.99,1906.72,40.1366
601,2023-08-25,1906.88,1910.05,1892.83,1900.86,33.8437
602,2023-08-26,1901.9,1906.73,1895.39,1900.81,27.8733
603,2023-08-27,1901.08,1911.49,1891.36,1897.3,49.7965
604,2023-08-28,1895.54,1903.19,1872.98,1898.39,55.0208
605,2023-08-29,1899.24,1920.0,1896.39,1910.28,77.7957
606,2023-08-30,1909.28,1926.79,1903.1,1924.23,61.0617
607,2023-08-31,1923.02,1927.14,1909.81,1914.13,53.42685482
608,2023-09-01,1915.75,1924.9,1915.17,1917.7,29.55729857
609,2023-09-02,1917.72,1918.12,1914.96,1914.96,13.8855
610,2023-09-03,1914.96,1927.03,1913.85,1920.81,16.2624
611,2023-09-04,1920.59,1924.54,1918.21,1919.57,6.3107
612,2023-09-05,1919.16,1920.12,1903.29,1914.39,14.7593
613,2023-09-06,1914.42,1914.96,1901.24,1902.79,12.5826
614,2023-09-07,1902.09,1911.12,1899.98,1910.53,13.9059
615,2023-09-08,1910.88,1912.98,1904.01,1906.24,20.3442
616,2023-09-09,1905.02,1907.53,1897.0,1897.53,5.227
617,2023-09-10,1897.5,1905.83,1891.31,1897.98,13.8169
618,2023-09-11,1897.95,1905.95,1894.62,1901.5,20.21317564
619,2023-09-12,1901.25,1907.57,1886.85,1890.41,30.2359
620,2023-09-13,1889.79,1896.0,1883.87,1885.89,30.7189
621,2023-09-14,1886.88,1904.96,1885.0,1890.45,34.2072
622,2023-09-15,1893.13,1910.14,1879.61,1906.29,41.8482
623,2023-09-16,1906.33,1911.07,1904.0,1906.0,7.4612
624,2023-09-17,1906.05,1917.01,1900.0,1909.42,17.8669
625,2023-09-18,1908.65,1919.13,1908.52,1916.56,29.2401
626,2023-09-19,1917.86,1925.0,1910.03,1919.14,43.3257
627,2023-09-20,1919.99,1936.45,1915.18,1920.59,43.733
628,2023-09-21,1920.87,1922.09,1906.0,1913.05,16.173
629,2023-09-22,1909.61,1919.43,1909.61,1913.74,17.9921
630,2023-09-23,1915.0,1915.97,1911.08,1913.46,1.9781
631,2023-09-24,1912.26,1916.0,1908.37,1912.25,6.8928
632,2023-09-25,1912.11,1925.0,1901.81,1907.09,37.9534
633,2023-09-26,1906.77,1909.43,1899.98,1901.11,10.8377
634,2023-09-27,1901.7,1902.33,1880.27,1883.01,25.2441
635,2023-09-28,1884.75,1887.53,1874.99,1877.54,41.4959
636,2023-09-29,1876.47,1883.75,1865.3,1865.3,27.3249
637,2023-09-30,1865.3,1871.27,1864.46,1868.1,22.5627
638,2023-10-01,1866.2,1875.87,1861.01,1865.06,19.4716
639,2023-10-02,1864.56,1869.53,1840.66,1842.02,57.0023
640,2023-10-03,1840.63,1841.99,1830.0,1830.19,40.8963
641,2023-10-04,1830.01,1845.0,1822.41,1836.25,31.4341
642,2023-10-05,1834.83,1839.63,1828.48,1832.74,10.1951
643,2023-10-06,1832.32,1845.0,1822.41,1841.07,58.0515
644,2023-10-07,1840.71,1859.99,1820.0,1851.72,46.2311
645,2023-10-08,1853.43,1871.99,1848.01,1867.93,57.9557
646,2023-10-09,1867.93,1870.38,1853.15,1865.48,46.3007
647,2023-10-10,1866.18,1918.0,1820.0,1862.62,120.7286
648,2023-10-11,1863.21,1876.78,1858.35,1874.69,41.8878
649,2023-10-12,1874.97,1879.99,1824.01,1875.0,54.685
650,2023-10-13,1875.01,1923.38,1869.89,1912.12,95.2382
651,2023-10-14,1914.95,1926.0,1908.17,1916.73,57.1079
652,2023-10-15,1918.1,1934.8,1916.01,1918.05,56.8993
653,2023-10-16,1916.64,1921.13,1897.78,1906.82,98.42478376
654,2023-10-17,1905.34,1920.29,1900.01,1915.5,66.5749
655,2023-10-18,1916.28,1942.12,1916.28,1940.85,71.2832
656,2023-10-19,1942.05,1957.6,1931.25,1957.6,93.4176
657,2023-10-20,1957.6,1976.0,1950.85,1964.63,123.9384
658,2023-10-21,1965.26,1968.0,1955.54,1962.09,46.6493
659,2023-10-22,1963.73,1970.15,1948.61,1964.43,88.40389999
660,2023-10-23,1963.21,1970.68,1949.15,1952.08,172.4929
661,2023-10-24,1952.3,1963.0,1938.33,1952.22,136.0815
662,2023-10-25,1952.34,1966.28,1948.61,1961.55,49.3343
663,2023-10-26,1962.21,1968.66,1956.0,1963.86,35.96288978
664,2023-10-27,1963.8,2002.99,1958.02,1985.97,89.4159
665,2023-10-28,1986.6,1994.25,1963.75,1985.73,86.4763
666,2023-10-29,1985.78,1988.43,1975.78,1980.95,38.0359
667,2023-10-30,1980.94,1986.5,1972.0,1976.95,45.9925
668,2023-10-31,1976.99,1984.91,1965.0,1965.08,38.3511
669,2023-11-01,1965.07,1969.99,1950.0,1962.97,126.9501
670,2023-11-02,1962.92,1968.99,1950.0,1957.24,67.3648
671,2023-11-03,1957.61,1975.77,1951.12,1969.0,43.4657
672,2023-11-04,1969.0,1969.0,1955.27,1965.44,31.7497
673,2023-11-05,1964.91,1970.16,1950.0,1956.0,86.12489815
674,2023-11-06,1956.14,1970.67,1952.22,1954.12,46.8645
675,2023-11-07,1952.33,1955.58,1925.88,1945.94,87.4706
676,2023-11-08,1945.98,1947.85,1927.84,1930.41,53.19099509
677,2023-11-09,1930.87,1942.0,1925.0,1940.86,100.2812
678,2023-11-10,1940.01,1942.08,1920.0,1924.79,84.709
679,2023-11-11,1925.09,1925.89,1908.0,1916.37,55.5547
680,2023-11-12,1917.3,1917.99,1909.73,1917.16,47.7879
681,2023-11-13,1916.27,1934.97,1905.1,1928.17,104.3972
682,2023-11-14,1926.59,1954.05,1913.8,1937.72,189.6649
683,2023-11-15,1939.13,1953.61,1927.13,1937.43,105.0815
684,2023-11-16,1937.48,1963.4,1935.16,1956.34,142.6162
685,2023-11-17,1956.33,1974.94,1955.6,1964.57,70.7476
686,2023-11-18,1965.49,1968.0,1941.63,1957.9,79.8433
687,2023-11-19,1958.22,1966.62,1952.01,1958.44,47.0419
688,2023-11-20,1958.0,1961.97,1942.7,1956.4,58.4164
689,2023-11-21,1957.9,2140.0,1957.37,1974.23,540.22
690,2023-11-22,1974.23,1988.01,1972.18,1980.0,71.48341363
691,2023-11-23,1981.96,1985.66,1976.66,1980.98,19.1483
692,2023-11-24,1980.43,1990.22,1977.14,1982.0,41.9455
693,2023-11-25,1981.97,1988.01,1960.89,1980.06,71.6066
694,2023-11-26,1980.54,1984.41,1978.17,1980.21,32.466
695,2023-11-27,1981.63,2001.27,1980.62,1995.27,47.0599
696,2023-11-28,1995.91,2027.75,1994.85,2020.46,46.5458
697,2023-11-29,2020.59,2029.16,2010.98,2019.69,69.4714
698,2023-11-30,2020.6,2029.87,2012.83,2017.0,32.9277
699,2023-12-01,2017.0,2054.84,2016.94,2044.96,74.3818885
700,2023-12-02,2044.83,2052.27,2037.72,2040.08,56.31949427
701,2023-12-03,2041.42,2092.08,2032.36,2091.48,72.6936
702,2023-12-04,2087.21,2087.22,2014.0,2024.39,103.4936
703,2023-12-05,2022.76,2031.56,2008.06,2010.26,66.2897
704,2023-12-06,2010.63,2024.37,2001.15,2005.76,48.8789
705,2023-12-07,2006.06,2029.42,2004.96,2017.69,62.0978
706,2023-12-08,2017.61,2025.93,1992.15,2004.33,48.353
707,2023-12-09,2003.71,2005.79,1988.0,1992.0,42.0762
708,2023-12-10,1993.21,1997.8,1981.0,1990.25,30.8518
709,2023-12-11,1990.45,1991.99,1950.0,1967.99,263.9046
710,2023-12-12,1967.39,1974.8,1954.01,1964.96,50.2516
711,2023-12-13,1962.97,2007.54,1950.11,2007.07,98.4127
712,2023-12-14,2007.07,2033.59,2001.15,2014.08,104.8508
713,2023-12-15,2014.08,2019.4,1998.46,2001.24,37.8937
714,2023-12-16,2000.67,2006.48,1989.8,1993.14,55.228
715,2023-12-17,1993.0,1998.36,1984.07,1992.41,31.6076
716,2023-12-18,1993.83,2026.38,1992.42,2012.01,81.1694
717,2023-12-19,2011.18,2025.3,2004.32,2017.26,50.8903
718,2023-12-20,2018.14,2024.7,2001.0,2010.51,68.9344
719,2023-12-21,2011.08,2054.44,1983.0,2028.7,152.3652
720,2023-12-22,2027.74,2047.0,2021.4,2024.0,70.0671
721,2023-12-23,2025.46,2037.84,2021.5,2025.65,47.2285
722,2023-12-24,2025.55,2048.8,2012.0,2029.21,60.2222
723,2023-12-25,2029.12,2038.44,2020.18,2029.07,34.331
724,2023-12-26,2028.54,2040.38,2013.32,2033.89,77.0122
725,2023-12-27,2033.42,2053.19,2020.17,2046.68,109.9789
726,2023-12-28,2052.0,2065.32,2030.0,2047.93,57.8325
727,2023-12-29,2047.93,2048.47,1983.4,2033.03,122.5947
728,2023-12-30,2031.0,2035.79,2014.0,2029.88,55.8616
729,2023-12-31,2029.91,2059.15,2014.1,2023.04,76.1917
730,2024-01-01,2027.54,2054.06,2020.17,2032.05,40.8777
731,2024-01-02,2034.99,2059.0,2020.0,2030.11,118.7424
732,2024-01-03,2030.11,2037.99,1998.46,2014.05,125.7374
733,2024-01-04,2014.05,2029.36,2011.75,2019.92,85.5401
734,2024-01-05,2019.86,2039.0,2010.0,2020.41,58.9466
735,2024-01-06,2020.68,2023.3,2009.58,2015.66,24.2703
736,2024-01-07,2014.96,2024.18,2009.57,2011.91,33.4378
737,2024-01-08,2012.02,2024.93,1999.0,2005.78,82.8096
738,2024-01-09,2007.64,2016.49,2002.0,2010.11,73.9375
739,2024-01-10,2011.1,2022.0,1996.01,1999.86,92.6017
740,2024-01-11,1999.99,2017.0,1990.0,2015.61,114.3825
741,2024-01-12,2015.6,2048.0,2002.71,2024.01,148.2075
742,2024-01-13,2023.75,2041.0,2016.0,2028.9,77.5671
743,2024-01-14,2028.73,2034.97,2014.0,2019.74,32.0818
744,2024-01-15,2019.98,2046.54,2019.13,2036.0,62.3906
745,2024-01-16,2038.44,2041.54,2005.0,2011.81,148.3258
746,2024-01-17,2016.05,2020.01,1996.02,2003.04,53.9123
747,2024-01-18,2001.21,2015.42,1995.0,2013.63,87.0202
748,2024-01-19,2013.48,2022.3,2004.31,2010.18,57.3855
749,2024-01-20,2010.18,2020.29,2009.0,2012.87,25.2647
750,2024-01-21,2013.23,2014.43,2005.65,2005.86,21.4123
751,2024-01-22,2006.09,2011.39,1997.16,2001.46,54.3832
752,2024-01-23,2000.5,2015.99,1997.55,2009.0,102.5994
753,2024-01-24,2009.55,2029.43,1998.0,2005.81,78.8757
754,2024-01-25,2003.55,2015.7,1998.51,2004.97,27.9557
755,2024-01-26,2003.58,2012.04,2000.36,2001.0,17.9338
756,2024-01-27,2001.01,2012.04,1998.53,2005.0,31.2296
757,2024-01-28,2005.04,2014.95,1997.62,2007.37,61.9717
758,2024-01-29,2007.37,2018.09,2003.58,2010.8,48.1111
759,2024-01-30,2009.49,2014.94,2002.79,2012.8,46.278
760,2024-01-31,2014.85,2031.02,2010.05,2018.83,51.2214
761,2024-02-01,2019.0,2040.0,2017.17,2034.25,226.1702
762,2024-02-02,2034.58,2035.36,2014.51,2023.65,51.9897
763,2024-02-03,2025.57,2029.99,2017.37,2017.46,28.0627
764,2024-02-04,2018.93,2022.25,2014.21,2021.01,10.6551
765,2024-02-05,2017.4,2019.8,2004.0,2009.41,27.3152
766,2024-02-06,2011.1,2021.94,2004.53,2013.02,19.3965
767,2024-02-07,2016.67,2021.25,2002.02,2015.0,206.13019997
768,2024-02-08,2015.0,2022.69,2006.23,2009.02,73.7807
769,2024-02-09,2010.86,2020.69,1996.0,2003.09,74.9696
770,2024-02-10,2004.02,2010.39,1990.0,2000.82,70.2208
771,2024-02-11,2001.39,2012.8,1993.61,2003.19,63.1053
772,2024-02-12,2002.31,2006.0,1994.8,2002.0,74.1517
773,2024-02-13,2002.0,2008.0,1988.0,1991.0,66.6495
774,2024-02-14,1989.49,1996.0,1978.1,1983.52,70.2069
775,2024-02-15,1982.64,1988.79,1969.48,1981.41,67.6413
776,2024-02-16,1983.45,1990.59,1975.34,1985.03,53.3854
777,2024-02-17,1984.89,1991.19,1983.37,1984.81,38.2792
778,2024-02-18,1987.12,1990.08,1979.51,1988.18,29.2951
779,2024-02-19,1987.13,1996.0,1984.07,1989.05,49.1343
780,2024-02-20,1989.11,2004.28,1985.03,2000.85,53.2046
781,2024-02-21,2000.42,2004.32,1998.51,2001.34,23.4925
782,2024-02-22,2001.3,2009.19,1996.0,1997.79,65.0246
783,2024-02-23,1998.39,2016.58,1991.8,2011.21,51.7409
784,2024-02-24,2011.24,2012.62,2003.79,2006.46,24.1218
785,2024-02-25,2006.22,2007.69,1998.75,2006.77,42.2609
786,2024-02-26,2006.54,2012.04,1996.0,2003.22,84.1084
787,2024-02-27,2002.39,2012.04,1996.0,2002.81,88.3564
788,2024-02-28,2002.81,2026.0,2000.18,2021.23,244.5924
789,2024-02-29,2020.68,2025.77,1996.6,1997.92,157.535
790,2024-03-01,1998.92,2033.2,1996.02,2020.0,171.5493
791,2024-03-02,2021.44,2034.4,2017.6,2027.63,74.9078
792,2024-03-03,2027.56,2034.4,1885.7,2020.0,286.2455
793,2024-03-04,2020.0,2069.5,2005.6,2065.79,265.1908
794,2024-03-05,2063.67,2135.88,2050.77,2088.22,359.7429
795,2024-03-06,2089.38,2120.0,2084.27,2111.99,101.7013
796,2024-03-07,2113.2,2138.06,2109.48,2130.0,70.9572
797,2024-03-08,2130.0,2159.91,2101.01,2130.15,113.6337
798,2024-03-09,2130.3,2138.17,2093.32,2126.98,66.8553
799,2024-03-10,2126.98,2138.81,2115.42,2138.14,82.5106
800,2024-03-11,2136.91,2170.27,2128.77,2155.01,169.5916
801,2024-03-12,2155.35,2164.16,2120.0,2138.96,97.0513
802,2024-03-13,2137.96,2158.29,2133.79,2151.96,63.9509
803,2024-03-14,2152.62,2161.58,2134.58,2147.65,70.2672
804,2024-03-15,2146.38,2157.0,2122.72,2132.42,141.4477
805,2024-03-16,2132.46,2144.85,2109.1,2130.81,71.3176
806,2024-03-17,2130.99,2155.35,2102.0,2123.69,81.0795
807,2024-03-18,2122.36,2151.1,2104.85,2142.63,42.0327
808,2024-03-19,2143.7,2200.23,2124.6,2134.87,102.123
809,2024-03-20,2134.84,2190.0,2125.42,2183.45,99.8959
810,2024-03-21,2183.19,2195.32,2090.76,2170.02,172.5365
811,2024-03-22,2173.15,2178.26,2141.61,2147.21,54.3318
812,2024-03-23,2147.68,2160.29,2145.01,2145.61,25.7945
813,2024-03-24,2147.55,2165.05,2145.45,2161.86,22.19
814,2024-03-25,2164.81,2177.25,2149.7,2170.91,64.64
815,2024-03-26,2175.44,2186.87,2155.0,2164.86,52.5585
816,2024-03-27,2163.93,2174.82,2157.91,2168.26,36.5762
817,2024-03-28,2167.52,2215.51,2161.53,2210.37,51.4219
818,2024-03-29,2211.97,2221.76,2203.8,2218.37,29.6527
819,2024-03-30,2215.71,2219.0,2200.12,2205.75,31.9243
820,2024-03-31,2206.8,2220.0,2201.37,2219.99,34.1434
821,2024-04-01,2220.0,2244.73,2211.28,2232.67,52.824
822,2024-04-02,2232.67,2269.51,2222.05,2263.34,128.7278
823,2024-04-03,2263.18,2328.0,2247.34,2301.03,186.3941
824,2024-04-04,2300.0,2305.04,2270.29,2270.4,27.5968
825,2024-04-05,2276.07,2321.95,2251.39,2320.07,44.01909071
826,2024-04-06,2321.17,2321.17,2302.06,2305.5,16.0281
827,2024-04-07,2305.5,2321.95,2290.01,2294.68,17.6561
828,2024-04-08,2294.67,2329.98,2290.01,2319.27,29.6296
829,2024-04-09,2325.39,2346.67,2316.3,2330.0,116.4911
830,2024-04-10,2330.0,2340.26,2301.31,2320.14,115.522
831,2024-04-11,2321.5,2371.2,2314.31,2361.21,41.7572646
832,2024-04-12,2364.31,2427.09,2312.6,2350.13,206.3007
833,2024-04-13,2357.0,3308.98,2344.26,2455.0,819.6231937
834,2024-04-14,2455.0,2537.07,2373.14,2393.98,355.5866
835,2024-04-15,2389.25,2478.84,2343.67,2436.41,187.291
836,2024-04-16,2436.13,2492.24,2382.83,2400.8,167.73394187
837,2024-04-17,2399.02,2445.0,2387.17,2394.55,72.332
838,2024-04-18,2399.15,2409.91,2385.5,2389.31,37.8756
839,2024-04-19,2388.36,2467.98,2384.96,2397.87,161.6187
840,2024-04-20,2399.62,2403.08,2380.65,2392.19,30.8509
841,2024-04-21,2390.3,2393.43,2372.06,2373.9,28.339
842,2024-04-22,2375.78,2382.34,2310.31,2320.0,50.6373
843,2024-04-23,2324.26,2331.8,2253.08,2311.1,49.63098649
844,2024-04-24,2306.44,2319.33,2292.32,2297.46,30.5037
845,2024-04-25,2292.89,2345.27,2292.87,2324.85,32.2907
846,2024-04-26,2330.0,2345.64,2320.19,2341.4,14.9722
847,2024-04-27,2343.78,2369.0,2329.15,2359.37,44.6431
848,2024-04-28,2358.24,2377.98,2346.0,2350.69,42.68089403
849,2024-04-29,2350.25,2360.5,2331.26,2355.19,26.4075
850,2024-04-30,2347.15,2356.22,2286.33,2299.33,63.9619
851,2024-05-01,2299.8,2322.35,2273.91,2309.49,65.6641
852,2024-05-02,2312.45,2312.45,2266.46,2293.32,32.95989995
853,2024-05-03,2289.97,2301.06,2280.41,2289.54,41.0996
854,2024-05-04,2288.11,2299.0,2276.54,2289.63,30.414
855,2024-05-05,2290.13,2291.99,2274.35,2286.98,16.7169
856,2024-05-06,2286.98,2309.48,2284.93,2302.56,19.0541
857,2024-05-07,2306.55,2310.1,2284.57,2288.1,12.6761
858,2024-05-08,2290.84,2307.9,2286.73,2293.51,22.7888
859,2024-05-09,2296.16,2344.0,2290.01,2344.0,134.3362
860,2024-05-10,2344.0,2358.99,2324.4,2331.02,55.6314
861,2024-05-11,2330.25,2347.24,2327.69,2340.65,16.9519
862,2024-05-12,2339.63,2344.38,2336.99,2342.83,8.6456
863,2024-05-13,2343.27,2348.01,2320.0,2320.6,26.31259687
864,2024-05-14,2320.45,2341.2,2319.35,2338.05,19.6461
865,2024-05-15,2340.99,2385.86,2335.77,2378.88,77.78789681
866,2024-05-16,2379.22,2389.99,2351.77,2359.93,24.5967
867,2024-05-17,2360.62,2393.26,2355.71,2386.11,53.9282
868,2024-05-18,2388.76,2392.11,2379.09,2386.25,17.4019
869,2024-05-19,2386.09,2411.87,2377.08,2401.46,50.1986
870,2024-05-20,2400.75,2424.37,2390.16,2412.42,128.6449
871,2024-05-21,2412.39,2419.87,2398.82,2408.14,45.5893
872,2024-05-22,2408.21,2410.0,2369.77,2384.76,31.331
873,2024-05-23,2383.83,2386.59,2332.15,2343.65,64.0885
874,2024-05-24,2344.62,2373.57,2338.86,2344.87,33.3978
875,2024-05-25,2345.05,2355.95,2340.0,2344.29,6.6966
876,2024-05-26,2344.97,2352.0,2340.52,2348.56,9.5955
877,2024-05-27,2348.07,2369.83,2348.07,2358.21,14.8341
878,2024-05-28,2357.13,2361.17,2332.05,2355.25,30.4534
879,2024-05-29,2355.98,2355.99,2330.0,2330.01,15.792
880,2024-05-30,2330.77,2348.53,2321.72,2341.53,16.3233
881,2024-05-31,2340.65,2353.0,2330.0,2334.23,11.8291
996,2023-01-01,1819.3,1822.97,1816.05,1821.53,9.8523
997,2023-01-02,1822.22,1828.74,1807.91,1820.42,87.8712
998,2023-01-03,1820.42,1844.43,1819.79,1838.41,54.2483
999,2023-01-04,1838.4,1865.5,1836.85,1853.34,67.2871
1000,2023-01-05,1853.74,1855.64,1831.14,1834.85,36.8302
1001,2023-01-06,1834.72,1857.0,1831.54,1853.0,62.5629
1002,2023-01-07,1852.9,1865.85,1847.01,1857.16,35.3128
1003,2023-01-08,1858.05,1869.0,1850.0,1858.43,89.1715
1004,2023-01-09,1858.82,1874.68,1856.38,1860.91,57.8169
1005,2023-01-10,1860.87,1865.89,1855.01,1861.6,27.1113
1006,2023-01-11,1860.32,1875.0,1859.09,1873.4,25.0144
1007,2023-01-12,1874.06,1886.87,1864.94,1883.7,68.2451
1008,2023-01-13,1883.24,1906.0,1878.72,1896.95,86.4882
1009,2023-01-14,1898.67,1942.13,1873.09,1887.58,195.4604
1010,2023-01-15,1889.33,1899.94,1883.59,1898.49,59.3012
1011,2023-01-16,1899.43,1906.24,1886.86,1886.86,114.2151
1012,2023-01-17,1886.75,1896.69,1880.2,1886.31,57.0005
1013,2023-01-18,1885.25,1896.18,1883.99,1884.0,84.4514
1014,2023-01-19,1888.5,1915.0,1883.99,1915.0,57.975
1015,2023-01-20,1915.0,1920.0,1904.02,1909.1,88.2088
1016,2023-01-21,1908.47,1919.43,1897.34,1909.13,141.5046
1017,2023-01-22,1910.43,1911.07,1899.1,1907.96,80.3902
1018,2023-01-23,1907.96,1914.3,1899.65,1910.06,46.594
1019,2023-01-24,1909.02,1990.0,1903.29,1906.06,107.439
1020,2023-01-25,1906.0,1927.03,1904.28,1921.84,98.6657
1021,2023-01-26,1922.54,1930.05,1910.01,1917.88,67.3189
1022,2023-01-27,1918.41,1919.25,1908.36,1911.85,52.3222
1023,2023-01-28,1912.97,1917.99,1910.28,1915.49,38.3724
1024,2023-01-29,1916.24,1920.0,1905.0,1911.02,96.7966
1025,2023-01-30,1910.63,1911.6,1889.14,1893.24,106.7115
1026,2023-01-31,1893.23,1903.0,1862.2,1899.01,128.9854
1027,2023-02-01,1897.92,1918.87,1888.0,1916.04,92.8125
1028,2023-02-02,1915.79,1925.98,1891.0,1903.96,239.6172
1029,2023-02-03,1903.7,1910.0,1860.0,1865.8,199.8578
1030,2023-02-04,1864.87,1866.0,1849.11,1856.1,109.2453
1031,2023-02-05,1856.37,1858.0,1841.85,1855.0,90.9007
1032,2023-02-06,1854.38,1883.35,1853.75,1865.1,79.1746
1033,2023-02-07,1866.32,1875.87,1854.17,1860.93,91.1314
1034,2023-02-08,1860.37,1868.26,1833.0,1866.46,106.7683
1035,2023-02-09,1862.62,1872.37,1840.7,1841.38,67.9706
1036,2023-02-10,1842.38,1845.48,1810.0,1822.4,134.92810314
1037,2023-02-11,1822.4,1836.39,1813.1,1827.14,87.1586
1038,2023-02-12,1827.13,1832.99,1816.01,1824.41,47.0181
1039,2023-02-13,1824.41,1841.51,1757.41,1800.09,525.5028
1040,2023-02-14,1803.43,1851.08,1802.1,1828.31,198.1575
1041,2023-02-15,1826.72,1836.98,1803.63,1826.23,104.0781
1042,2023-02-16,1825.28,1832.99,1813.02,1818.41,84.9413
1043,2023-02-17,1817.95,1827.61,1802.43,1817.23,88.4056
1044,2023-02-18,1817.08,1823.99,1811.11,1821.96,20.804
1045,2023-02-19,1823.67,1830.0,1807.5,1819.27,55.1446
1046,2023-02-20,1817.53,1825.25,1804.16,1812.43,99.2169
1047,2023-02-21,1813.74,1815.09,1800.0,1805.07,40.1641
1048,2023-02-22,1805.52,1826.46,1800.0,1811.45,63.8479
1049,2023-02-23,1813.44,1821.71,1806.71,1811.24,27.0903
1050,2023-02-24,1813.92,1815.58,1791.39,1797.3,28.6595
1051,2023-02-25,1799.56,1800.63,1775.0,1792.4,51.1562
1052,2023-02-26,1793.4,1800.35,1790.34,1797.2,27.6078
1053,2023-02-27,1797.2,1808.0,1791.39,1806.04,35.3356
1054,2023-02-28,1806.9,1812.8,1795.81,1809.5,53.4617
1055,2023-03-01,1809.99,1828.08,1804.67,1822.38,60.6267
1056,2023-03-02,1824.26,1825.94,1815.0,1821.99,12.9695
1057,2023-03-03,1821.99,1917.14,1799.31,1845.24,274.675
1058,2023-03-04,1845.25,1852.8,1832.01,1846.52,57.7165
1059,2023-03-05,1846.52,1855.26,1841.38,1841.79,34.5348
1060,2023-03-06,1841.31,1856.0,1831.32,1832.2,41.0084
1061,2023-03-07,1831.32,1841.14,1808.52,1810.75,87.9703
1062,2023-03-08,1811.2,1813.4,1800.43,1805.39,52.6139
1063,2023-03-09,1805.24,1816.59,1802.08,1805.39,92.6202
1064,2023-03-10,1805.39,1869.15,1800.0,1861.76,240.769
1065,2023-03-11,1861.77,1953.75,1854.45,1890.06,948.7814
1066,2023-03-12,1888.88,1939.86,1868.26,1905.89,561.5141
1067,2023-03-13,1906.87,1962.81,1880.0,1921.0,351.4715
1068,2023-03-14,1921.15,1994.0,1889.19,1901.29,682.4392
1069,2023-03-15,1901.64,1949.9,1892.39,1925.16,417.7587
1070,2023-03-16,1925.46,1990.0,1897.31,1907.81,266.9376
1071,2023-03-17,1907.54,1965.2,1902.29,1961.29,259.6035
1072,2023-03-18,1959.34,1962.0,1950.13,1959.99,74.0279
1073,2023-03-19,1958.5,1977.0,1957.3,1967.27,125.0914
1074,2023-03-20,1967.26,2014.31,1948.61,1978.22,292.1825
1075,2023-03-21,1978.19,1990.23,1942.7,1945.0,155.6603
1076,2023-03-22,1944.99,1975.0,1930.0,1971.97,275.4098
1077,2023-03-23,1971.99,2003.28,1970.1,1991.23,225.081
1078,2023-03-24,1990.66,2005.84,1980.83,1988.24,212.2566
1079,2023-03-25,1989.94,2010.0,1986.99,1999.46,180.259
1080,2023-03-26,1999.15,2002.12,1987.41,1987.41,73.7745
1081,2023-03-27,1989.53,1994.24,1968.65,1981.19,156.5993
1082,2023-03-28,1982.84,2000.0,1977.99,1982.54,130.1946
1083,2023-03-29,1982.5,1989.99,1981.0,1981.81,88.0416
1084,2023-03-30,1982.24,1992.0,1973.97,1984.37,275.6719
1085,2023-03-31,1983.66,1988.67,1965.0,1971.99,137.81
1086,2023-04-01,1970.61,1982.23,1967.2,1980.23,79.7721
1087,2023-04-02,1980.0,1995.99,1970.0,1976.22,119.3577
1088,2023-04-03,1975.22,1992.98,1972.92,1986.19,99.5373
1089,2023-04-04,1985.86,2031.31,1982.21,2024.43,236.6279
1090,2023-04-05,2024.45,2051.98,1985.0,2030.3,225.0066
1091,2023-04-06,2031.8,2035.38,2010.0,2016.76,79.0865
1092,2023-04-07,2018.29,2029.31,2013.9,2021.22,29.5768
1093,2023-04-08,2019.98,2023.2,2015.16,2017.58,25.2651
1094,2023-04-09,2018.37,2030.0,2004.28,2017.97,196.4523
1095,2023-04-10,2017.03,2020.89,2000.01,2011.3,112.0743
1096,2023-04-11,2008.86,2024.91,2003.26,2019.73,104.2098
1097,2023-04-12,2019.3,2034.32,2019.3,2026.81,105.5427
1098,2023-04-13,2027.75,2047.06,2024.98,2042.44,117.657
1099,2023-04-14,2041.48,2047.25,2010.0,2019.29,188.2914
1100,2023-04-15,2019.29,2023.45,2009.59,2015.15,55.5364
1101,2023-04-16,2014.49,2031.41,2010.15,2017.7,92.1506
1102,2023-04-17,2016.62,2024.51,2002.53,2012.48,76.1022
1103,2023-04-18,2011.66,2090.0,2008.32,2016.29,172.9574
1104,2023-04-19,2016.24,2017.98,1988.17,2003.61,109.2173
1105,2023-04-20,2002.18,2019.98,1999.0,2006.35,75.2233
1106,2023-04-21,2005.93,2027.2,1980.18,1982.14,90.6356
1107,2023-04-22,1981.16,1988.24,1981.0,1985.6,33.2062
1108,2023-04-23,1986.27,1988.33,1977.0,1983.76,48.1137
1109,2023-04-24,1985.57,1994.0,1966.14,1991.36,86.0723
1110,2023-04-25,1989.18,2004.83,1984.76,2002.58,47.8625
1111,2023-04-26,2003.95,2005.65,1955.0,1985.04,167.38181185
1112,2023-04-27,1986.57,1999.98,1925.0,1985.49,140.7789
1113,2023-04-28,1985.49,2012.0,1983.69,1988.29,75.695
1114,2023-04-29,1987.88,2002.14,1984.34,1994.16,19.9686
1115,2023-04-30,1994.34,2100.0,1989.59,2002.01,168.3284
1116,2023-05-01,2002.01,2005.27,1986.0,1992.46,102.8152
1117,2023-05-02,1992.89,2012.23,1990.0,2010.84,136.5408
1118,2023-05-03,2011.14,2047.4,2008.92,2039.73,96.3509
1119,2023-05-04,2040.63,2054.43,1990.0,2051.79,155.3255
1120,2023-05-05,2052.91,2089.0,2010.0,2020.66,157.0443
1121,2023-05-06,2020.25,2029.15,2012.5,2022.49,54.8448
1122,2023-05-07,2023.03,2025.0,2013.64,2015.01,35.0109
1123,2023-05-08,2016.31,2029.5,2014.18,2028.78,93.8555
1124,2023-05-09,2028.19,2040.89,2025.58,2039.56,59.2534
1125,2023-05-10,2039.67,2048.0,2028.36,2039.77,149.1395
1126,2023-05-11,2039.96,2046.44,2014.0,2023.47,99.0795
1127,2023-05-12,2024.98,2028.08,2010.52,2024.71,56.4469
1128,2023-05-13,2024.4,2024.4,2010.0,2019.84,31.8005
1129,2023-05-14,2019.84,2021.6,2011.0,2015.5,37.5102
1130,2023-05-15,2016.7,2024.18,2013.13,2017.0,43.1046
1131,2023-05-16,2017.06,2019.46,1993.79,1998.67,57.8911
1132,2023-05-17,1998.95,2006.0,1987.57,1998.26,98.2119
1133,2023-05-18,1997.12,1998.26,1971.83,1978.21,70.5786
1134,2023-05-19,1975.74,1993.82,1972.85,1993.58,62.6421
1135,2023-05-20,1990.8,1997.04,1987.28,1991.58,21.1056
1136,2023-05-21,1990.21,1997.99,1985.2,1989.02,33.8405
1137,2023-05-22,1989.0,1992.23,1976.61,1983.23,45.9181
1138,2023-05-23,1983.22,1987.12,1965.05,1983.51,68.2928
1139,2023-05-24,1985.34,1990.99,1968.2,1969.68,63.0241
1140,2023-05-25,1971.06,1976.82,1961.0,1964.96,58.2405
1141,2023-05-26,1964.98,1976.0,1957.83,1960.8,79.2043
1142,2023-05-27,1961.79,1965.2,1955.83,1961.0,52.1149
1143,2023-05-28,1960.64,1970.21,1958.92,1958.92,74.795
1144,2023-05-29,1959.9,1965.2,1950.12,1952.99,105.6722
1145,2023-05-30,1952.96,1980.7,1944.13,1968.2,85.0588
1146,2023-05-31,1969.04,1975.57,1959.0,1972.18,81.3734
1147,2023-06-01,1972.21,1986.0,1966.62,1978.46,106.4733
1148,2023-06-02,1978.42,1983.0,1956.24,1959.19,53.1261
1149,2023-06-03,1959.19,1959.19,1945.0,1948.21,65.5068
1150,2023-06-04,1948.22,1950.9,1941.0,1947.03,45.5272
1151,2023-06-05,1947.03,1955.0,1921.0,1924.18,159.006
1152,2023-06-06,1924.83,1951.57,1921.0,1938.21,75.3449
1153,2023-06-07,1938.43,1941.16,1916.64,1924.24,50.6559
1154,2023-06-08,1924.87,1939.98,1913.81,1922.4,72.0667
1155,2023-06-09,1922.4,1934.97,1913.8,1915.09,39.3052
1156,2023-06-10,1915.79,1929.21,1888.07,1916.27,228.1343
1157,2023-06-11,1917.59,1919.0,1909.65,1914.46,29.3749
1158,2023-06-12,1915.03,1931.25,1914.28,1929.06,54.4629
1159,2023-06-13,1929.06,1938.16,1916.81,1917.94,58.9973
1160,2023-06-14,1917.94,1978.0,1885.0,1917.5,269.9582
1161,2023-06-15,1919.39,1950.0,1905.0,1930.09,181.8091
1162,2023-06-16,1928.74,1980.0,1908.06,1941.4,196.2833
1163,2023-06-17,1944.14,1946.16,1931.68,1931.69,63.8193
1164,2023-06-18,1931.77,1932.45,1919.56,1925.26,52.3278
1165,2023-06-19,1926.64,1930.03,1900.01,1925.53,54.102
1166,2023-06-20,1925.49,1987.0,1915.0,1925.33,330.2255
1167,2023-06-21,1926.4,1932.28,1905.0,1919.07,147.0608
1168,2023-06-22,1919.07,1919.99,1896.63,1901.69,137.542
1169,2023-06-23,1901.69,1917.88,1893.48,1902.99,72.6519
1170,2023-06-24,1902.99,1915.36,1895.0,1908.43,84.6404
1171,2023-06-25,1908.48,1914.04,1901.9,1903.98,30.5779
1172,2023-06-26,1903.86,1914.9,1894.93,1903.31,51.9853
1173,2023-06-27,1903.76,1914.91,1896.82,1897.89,147.3079
1174,2023-06-28,1897.85,1912.54,1850.5,1893.26,294.7669
1175,2023-06-29,1891.89,1895.46,1867.0,1888.75,155.3539
1176,2023-06-30,1888.74,1907.16,1879.61,1900.67,154.8828
1177,2023-07-01,1899.14,1902.85,1889.84,1893.83,45.009
1178,2023-07-02,1894.66,1898.09,1885.65,1894.95,51.012
1179,2023-07-03,1894.7,1904.99,1885.52,1895.81,64.7431
1180,2023-07-04,1895.85,1903.66,1884.72,1892.58,35.1239
1181,2023-07-05,1892.12,1903.09,1884.85,1889.09,66.4877
1182,2023-07-06,1887.86,1901.31,1886.28,1888.32,60.1978
1183,2023-07-07,1888.4,1907.21,1886.68,1901.97,48.5309
1184,2023-07-08,1903.85,1904.73,1898.22,1901.56,15.6079
1185,2023-07-09,1903.69,1905.0,1895.19,1900.92,29.8191
1186,2023-07-10,1902.99,1907.0,1897.95,1906.18,33.4423
1187,2023-07-11,1906.72,1919.99,1904.73,1914.96,58.3948
1188,2023-07-12,1912.66,1942.5,1911.26,1941.35,62.3913
1189,2023-07-13,1941.36,1950.0,1930.8,1940.36,101.8872
1190,2023-07-14,1940.34,1944.47,1905.0,1922.47,205.6075
1191,2023-07-15,1923.56,1926.99,1913.62,1916.98,49.4346
1192,2023-07-16,1916.95,1925.44,1915.58,1923.52,23.8046
1193,2023-07-17,1923.11,1923.95,1911.02,1915.36,24.2276
1194,2023-07-18,1915.32,1948.53,1910.78,1937.26,82.4748
1195,2023-07-19,1937.23,1942.54,1934.08,1936.66,13.3651
1196,2023-07-20,1935.55,1941.48,1902.89,1931.42,75.7371
1197,2023-07-21,1931.27,1934.14,1914.24,1922.96,24.4527
1198,2023-07-22,1922.95,1930.0,1913.8,1927.52,34.3489
1199,2023-07-23,1926.94,1930.0,1915.26,1929.32,17.096
1200,2023-07-24,1929.99,1938.87,1927.01,1934.06,32.2593
1201,2023-07-25,1934.11,1941.22,1930.35,1940.76,28.92
1202,2023-07-26,1940.76,1958.29,1938.66,1953.36,38.9235
1203,2023-07-27,1953.61,1961.0,1934.24,1939.2,32.5005
1204,2023-07-28,1939.24,1949.77,1936.56,1949.13,33.2196
1205,2023-07-29,1949.27,1950.0,1939.49,1945.48,15.3648
1206,2023-07-30,1946.57,1949.77,1942.23,1946.3,12.9345
1207,2023-07-31,1946.47,1957.0,1941.4,1948.52,18.2518
1208,2023-08-01,1950.22,1951.15,1933.19,1946.64,38.7316
1209,2023-08-02,1946.63,1946.64,1928.0,1930.97,32.4825
1210,2023-08-03,1933.81,1937.15,1927.56,1931.95,19.9592
1211,2023-08-04,1931.42,1942.78,1926.77,1942.72,18.3497
1212,2023-08-05,1942.6,1952.74,1932.73,1941.72,53.3278
1213,2023-08-06,1941.86,1948.31,1934.81,1942.89,16.3676
1214,2023-08-07,1943.24,1944.79,1928.56,1942.58,37.6234
1215,2023-08-08,1942.51,1943.17,1835.52,1928.91,133.6255
1216,2023-08-09,1928.13,1934.97,1917.77,1920.06,17.6609
1217,2023-08-10,1919.13,1928.04,1916.5,1918.33,8.7311
1218,2023-08-11,1916.83,1922.22,1879.86,1907.33,79.5159
1219,2023-08-12,1907.28,1909.33,1895.48,1902.94,17.8082
1220,2023-08-13,1901.31,1906.6,1896.83,1904.25,12.4982
1221,2023-08-14,1904.25,1912.29,1898.39,1900.23,30.4401
1222,2023-08-15,1898.4,1908.57,1893.0,1900.0,24.3621
1223,2023-08-16,1896.79,1906.1,1888.91,1889.24,45.7639
1224,2023-08-17,1889.19,1897.8,1765.01,1868.34,238.5669
1225,2023-08-18,1868.35,1892.24,1868.34,1875.0,104.79489999
1226,2023-08-19,1872.21,1878.96,1869.35,1870.96,18.5009
1227,2023-08-20,1871.31,1875.0,1832.0,1870.69,58.8634
1228,2023-08-21,1871.86,1882.24,1868.35,1879.37,33.0638
1229,2023-08-22,1879.17,1897.78,1876.91,1888.63,65.8831
1230,2023-08-23,1889.86,1912.31,1885.31,1907.93,54.27769996
1231,2023-08-24,1906.51,1913.0,1899.99,1906.72,40.1366
1232,2023-08-25,1906.88,1910.05,1892.83,1900.86,33.8437
1233,2023-08-26,1901.9,1906.73,1895.39,1900.81,27.8733
1234,2023-08-27,1901.08,1911.49,1891.36,1897.3,49.7965
1235,2023-08-28,1895.54,1903.19,1872.98,1898.39,55.0208
1236,2023-08-29,1899.24,1920.0,1896.39,1910.28,77.7957
1237,2023-08-30,1909.28,1926.79,1903.1,1924.23,61.0617
1238,2023-08-31,1923.02,1927.14,1909.81,1914.13,53.42685482
1239,2023-09-01,1915.75,1924.9,1915.17,1917.7,29.55729857
1240,2023-09-02,1917.72,1918.12,1914.96,1914.96,13.8855
1241,2023-09-03,1914.96,1927.03,1913.85,1920.81,16.2624
1242,2023-09-04,1920.59,1924.54,1918.21,1919.57,6.3107
1243,2023-09-05,1919.16,1920.12,1903.29,1914.39,14.7593
1244,2023-09-06,1914.42,1914.96,1901.24,1902.79,12.5826
1245,2023-09-07,1902.09,1911.12,1899.98,1910.53,13.9059
1246,2023-09-08,1910.88,1912.98,1904.01,1906.24,20.3442
1247,2023-09-09,1905.02,1907.53,1897.0,1897.53,5.227
1248,2023-09-10,1897.5,1905.83,1891.31,1897.98,13.8169
1249,2023-09-11,1897.95,1905.95,1894.62,1901.5,20.21317564
1250,2023-09-12,1901.25,1907.57,1886.85,1890.41,30.2359
1251,2023-09-13,1889.79,1896.0,1883.87,1885.89,30.7189
1252,2023-09-14,1886.88,1904.96,1885.0,1890.45,34.2072
1253,2023-09-15,1893.13,1910.14,1879.61,1906.29,41.8482
1254,2023-09-16,1906.33,1911.07,1904.0,1906.0,7.4612
1255,2023-09-17,1906.05,1917.01,1900.0,1909.42,17.8669
1256,2023-09-18,1908.65,1919.13,1908.52,1916.56,29.2401
1257,2023-09-19,1917.86,1925.0,1910.03,1919.14,43.3257
1258,2023-09-20,1919.99,1936.45,1915.18,1920.59,43.733
1259,2023-09-21,1920.87,1922.09,1906.0,1913.05,16.173
1260,2023-09-22,1909.61,1919.43,1909.61,1913.74,17.9921
1261,2023-09-23,1915.0,1915.97,1911.08,1913.46,1.9781
1262,2023-09-24,1912.26,1916.0,1908.37,1912.25,6.8928
1263,2023-09-25,1912.11,1925.0,1901.81,1907.09,37.9534
1264,2023-09-26,1906.77,1909.43,1899.98,1901.11,10.8377
1265,2023-09-27,1901.7,1902.33,1880.27,1883.01,25.2441
1266,2023-09-28,1884.75,1887.53,1874.99,1877.54,41.4959
1267,2023-09-29,1876.47,1883.75,1865.3,1865.3,27.3249
1268,2023-09-30,1865.3,1871.27,1864.46,1868.1,22.5627
1269,2023-10-01,1866.2,1875.87,1861.01,1865.06,19.4716
1270,2023-10-02,1864.56,1869.53,1840.66,1842.02,57.0023
1271,2023-10-03,1840.63,1841.99,1830.0,1830.19,40.8963
1272,2023-10-04,1830.01,1845.0,1822.41,1836.25,31.4341
1273,2023-10-05,1834.83,1839.63,1828.48,1832.74,10.1951
1274,2023-10-06,1832.32,1845.0,1822.41,1841.07,58.0515
1275,2023-10-07,1840.71,1859.99,1820.0,1851.72,46.2311
1276,2023-10-08,1853.43,1871.99,1848.01,1867.93,57.9557
1277,2023-10-09,1867.93,1870.38,1853.15,1865.48,46.3007
1278,2023-10-10,1866.18,1918.0,1820.0,1862.62,120.7286
1279,2023-10-11,1863.21,1876.78,1858.35,1874.69,41.8878
1280,2023-10-12,1874.97,1879.99,1824.01,1875.0,54.685
1281,2023-10-13,1875.01,1923.38,1869.89,1912.12,95.2382
1282,2023-10-14,1914.95,1926.0,1908.17,1916.73,57.1079
1283,2023-10-15,1918.1,1934.8,1916.01,1918.05,56.8993
1284,2023-10-16,1916.64,1921.13,1897.78,1906.82,98.42478376
1285,2023-10-17,1905.34,1920.29,1900.01,1915.5,66.5749
1286,2023-10-18,1916.28,1942.12,1916.28,1940.85,71.2832
1287,2023-10-19,1942.05,1957.6,1931.25,1957.6,93.4176
1288,2023-10-20,1957.6,1976.0,1950.85,1964.63,123.9384
1289,2023-10-21,1965.26,1968.0,1955.54,1962.09,46.6493
1290,2023-10-22,1963.73,1970.15,1948.61,1964.43,88.40389999
1291,2023-10-23,1963.21,1970.68,1949.15,1952.08,172.4929
1292,2023-10-24,1952.3,1963.0,1938.33,1952.22,136.0815
1293,2023-10-25,1952.34,1966.28,1948.61,1961.55,49.3343
1294,2023-10-26,1962.21,1968.66,1956.0,1963.86,35.96288978
1295,2023-10-27,1963.8,2002.99,1958.02,1985.97,89.4159
1296,2023-10-28,1986.6,1994.25,1963.75,1985.73,86.4763
1297,2023-10-29,1985.78,1988.43,1975.78,1980.95,38.0359
1298,2023-10-30,1980.94,1986.5,1972.0,1976.95,45.9925
1299,2023-10-31,1976.99,1984.91,1965.0,1965.08,38.3511
1300,2023-11-01,1965.07,1969.99,1950.0,1962.97,126.9501
1301,2023-11-02,1962.92,1968.99,1950.0,1957.24,67.3648
1302,2023-11-03,1957.61,1975.77,1951.12,1969.0,43.4657
1303,2023-11-04,1969.0,1969.0,1955.27,1965.44,31.7497
1304,2023-11-05,1964.91,1970.16,1950.0,1956.0,86.12489815
1305,2023-11-06,1956.14,1970.67,1952.22,1954.12,46.8645
1306,2023-11-07,1952.33,1955.58,1925.88,1945.94,87.4706
1307,2023-11-08,1945.98,1947.85,1927.84,1930.41,53.19099509
1308,2023-11-09,1930.87,1942.0,1925.0,1940.86,100.2812
1309,2023-11-10,1940.01,1942.08,1920.0,1924.79,84.709
1310,2023-11-11,1925.09,1925.89,1908.0,1916.37,55.5547
1311,2023-11-12,1917.3,1917.99,1909.73,1917.16,47.7879
1312,2023-11-13,1916.27,1934.97,1905.1,1928.17,104.3972
1313,2023-11-14,1926.59,1954.05,1913.8,1937.72,189.6649
1314,2023-11-15,1939.13,1953.61,1927.13,1937.43,105.0815
1315,2023-11-16,1937.48,1963.4,1935.16,1956.34,142.6162
1316,2023-11-17,1956.33,1974.94,1955.6,1964.57,70.7476
1317,2023-11-18,1965.49,1968.0,1941.63,1957.9,79.8433
1318,2023-11-19,1958.22,1966.62,1952.01,1958.44,47.0419
1319,2023-11-20,1958.0,1961.97,1942.7,1956.4,58.4164
1320,2023-11-21,1957.9,2140.0,1957.37,1974.23,540.22
1321,2023-11-22,1974.23,1988.01,1972.18,1980.0,71.48341363
1322,2023-11-23,1981.96,1985.66,1976.66,1980.98,19.1483
1323,2023-11-24,1980.43,1990.22,1977.14,1982.0,41.9455
1324,2023-11-25,1981.97,1988.01,1960.89,1980.06,71.6066
1325,2023-11-26,1980.54,1984.41,1978.17,1980.21,32.466
1326,2023-11-27,1981.63,2001.27,1980.62,1995.27,47.0599
1327,2023-11-28,1995.91,2027.75,1994.85,2020.46,46.5458
1328,2023-11-29,2020.59,2029.16,2010.98,2019.69,69.4714
1329,2023-11-30,2020.6,2029.87,2012.83,2017.0,32.9277
1330,2023-12-01,2017.0,2054.84,2016.94,2044.96,74.3818885
1331,2023-12-02,2044.83,2052.27,2037.72,2040.08,56.31949427
1332,2023-12-03,2041.42,2092.08,2032.36,2091.48,72.6936
1333,2023-12-04,2087.21,2087.22,2014.0,2024.39,103.4936
1334,2023-12-05,2022.76,2031.56,2008.06,2010.26,66.2897
1335,2023-12-06,2010.63,2024.37,2001.15,2005.76,48.8789
1336,2023-12-07,2006.06,2029.42,2004.96,2017.69,62.0978
1337,2023-12-08,2017.61,2025.93,1992.15,2004.33,48.353
1338,2023-12-09,2003.71,2005.79,1988.0,1992.0,42.0762
1339,2023-12-10,1993.21,1997.8,1981.0,1990.25,30.8518
1340,2023-12-11,1990.45,1991.99,1950.0,1967.99,263.9046
1341,2023-12-12,1967.39,1974.8,1954.01,1964.96,50.2516
1342,2023-12-13,1962.97,2007.54,1950.11,2007.07,98.4127
1343,2023-12-14,2007.07,2033.59,2001.15,2014.08,104.8508
1344,2023-12-15,2014.08,2019.4,1998.46,2001.24,37.8937
1345,2023-12-16,2000.67,2006.48,1989.8,1993.14,55.228
1346,2023-12-17,1993.0,1998.36,1984.07,1992.41,31.6076
1347,2023-12-18,1993.83,2026.38,1992.42,2012.01,81.1694
1348,2023-12-19,2011.18,2025.3,2004.32,2017.26,50.8903
1349,2023-12-20,2018.14,2024.7,2001.0,2010.51,68.9344
1350,2023-12-21,2011.08,2054.44,1983.0,2028.7,152.3652
1351,2023-12-22,2027.74,2047.0,2021.4,2024.0,70.0671
1352,2023-12-23,2025.46,2037.84,2021.5,2025.65,47.2285
1353,2023-12-24,2025.55,2048.8,2012.0,2029.21,60.2222
1354,2023-12-25,2029.12,2038.44,2020.18,2029.07,34.331
1355,2023-12-26,2028.54,2040.38,2013.32,2033.89,77.0122
1356,2023-12-27,2033.42,2053.19,2020.17,2046.68,109.9789
1357,2023-12-28,2052.0,2065.32,2030.0,2047.93,57.8325
1358,2023-12-29,2047.93,2048.47,1983.4,2033.03,122.5947
1359,2023-12-30,2031.0,2035.79,2014.0,2029.88,55.8616
1360,2023-12-31,2029.91,2059.15,2014.1,2023.04,76.1917
1361,2024-01-01,2027.54,2054.06,2020.17,2032.05,40.8777
1362,2024-01-02,2034.99,2059.0,2020.0,2030.11,118.7424
1363,2024-01-03,2030.11,2037.99,1998.46,2014.05,125.7374
1364,2024-01-04,2014.05,2029.36,2011.75,2019.92,85.5401
1365,2024-01-05,2019.86,2039.0,2010.0,2020.41,58.9466
1366,2024-01-06,2020.68,2023.3,2009.58,2015.66,24.2703
1367,2024-01-07,2014.96,2024.18,2009.57,2011.91,33.4378
1368,2024-01-08,2012.02,2024.93,1999.0,2005.78,82.8096
1369,2024-01-09,2007.64,2016.49,2002.0,2010.11,73.9375
1370,2024-01-10,2011.1,2022.0,1996.01,1999.86,92.6017
1371,2024-01-11,1999.99,2017.0,1990.0,2015.61,114.3825
1372,2024-01-12,2015.6,2048.0,2002.71,2024.01,148.2075
1373,2024-01-13,2023.75,2041.0,2016.0,2028.9,77.5671
1374,2024-01-14,2028.73,2034.97,2014.0,2019.74,32.0818
1375,2024-01-15,2019.98,2046.54,2019.13,2036.0,62.3906
1376,2024-01-16,2038.44,2041.54,2005.0,2011.81,148.3258
1377,2024-01-17,2016.05,2020.01,1996.02,2003.04,53.9123
1378,2024-01-18,2001.21,2015.42,1995.0,2013.63,87.0202
1379,2024-01-19,2013.48,2022.3,2004.31,2010.18,57.3855
1380,2024-01-20,2010.18,2020.29,2009.0,2012.87,25.2647
1381,2024-01-21,2013.23,2014.43,2005.65,2005.86,21.4123
1382,2024-01-22,2006.09,2011.39,1997.16,2001.46,54.3832
1383,2024-01-23,2000.5,2015.99,1997.55,2009.0,102.5994
1384,2024-01-24,2009.55,2029.43,1998.0,2005.81,78.8757
1385,2024-01-25,2003.55,2015.7,1998.51,2004.97,27.9557
1386,2024-01-26,2003.58,2012.04,2000.36,2001.0,17.9338
1387,2024-01-27,2001.01,2012.04,1998.53,2005.0,31.2296
1388,2024-01-28,2005.04,2014.95,1997.62,2007.37,61.9717
1389,2024-01-29,2007.37,2018.09,2003.58,2010.8,48.1111
1390,2024-01-30,2009.49,2014.94,2002.79,2012.8,46.278
1391,2024-01-31,2014.85,2031.02,2010.05,2018.83,51.2214
1392,2024-02-01,2019.0,2040.0,2017.17,2034.25,226.1702
1393,2024-02-02,2034.58,2035.36,2014.51,2023.65,51.9897
1394,2024-02-03,2025.57,2029.99,2017.37,2017.46,28.0627
1395,2024-02-04,2018.93,2022.25,2014.21,2021.01,10.6551
1396,2024-02-05,2017.4,2019.8,2004.0,2009.41,27.3152
1397,2024-02-06,2011.1,2021.94,2004.53,2013.02,19.3965
1398,2024-02-07,2016.67,2021.25,2002.02,2015.0,206.13019997
1399,2024-02-08,2015.0,2022.69,2006.23,2009.02,73.7807
1400,2024-02-09,2010.86,2020.69,1996.0,2003.09,74.9696
1401,2024-02-10,2004.02,2010.39,1990.0,2000.82,70.2208
1402,2024-02-11,2001.39,2012.8,1993.61,2003.19,63.1053
1403,2024-02-12,2002.31,2006.0,1994.8,2002.0,74.1517
1404,2024-02-13,2002.0,2008.0,1988.0,1991.0,66.6495
1405,2024-02-14,1989.49,1996.0,1978.1,1983.52,70.2069
1406,2024-02-15,1982.64,1988.79,1969.48,1981.41,67.6413
1407,2024-02-16,1983.45,1990.59,1975.34,1985.03,53.3854
1408,2024-02-17,1984.89,1991.19,1983.37,1984.81,38.2792
1409,2024-02-18,1987.12,1990.08,1979.51,1988.18,29.2951
1410,2024-02-19,1987.13,1996.0,1984.07,1989.05,49.1343
1411,2024-02-20,1989.11,2004.28,1985.03,2000.85,53.2046
1412,2024-02-21,2000.42,2004.32,1998.51,2001.34,23.4925
1413,2024-02-22,2001.3,2009.19,1996.0,1997.79,65.0246
1414,2024-02-23,1998.39,2016.58,1991.8,2011.21,51.7409
1415,2024-02-24,2011.24,2012.62,2003.79,2006.46,24.1218
1416,2024-02-25,2006.22,2007.69,1998.75,2006.77,42.2609
1417,2024-02-26,2006.54,2012.04,1996.0,2003.22,84.1084
1418,2024-02-27,2002.39,2012.04,1996.0,2002.81,88.3564
1419,2024-02-28,2002.81,2026.0,2000.18,2021.23,244.5924
1420,2024-02-29,2020.68,2025.77,1996.6,1997.92,157.535
1421,2024-03-01,1998.92,2033.2,1996.02,2020.0,171.5493
1422,2024-03-02,2021.44,2034.4,2017.6,2027.63,74.9078
1423,2024-03-03,2027.56,2034.4,1885.7,2020.0,286.2455
1424,2024-03-04,2020.0,2069.5,2005.6,2065.79,265.1908
1425,2024-03-05,2063.67,2135.88,2050.77,2088.22,359.7429
1426,2024-03-06,2089.38,2120.0,2084.27,2111.99,101.7013
1427,2024-03-07,2113.2,2138.06,2109.48,2130.0,70.9572
1428,2024-03-08,2130.0,2159.91,2101.01,2130.15,113.6337
1429,2024-03-09,2130.3,2138.17,2093.32,2126.98,66.8553
1430,2024-03-10,2126.98,2138.81,2115.42,2138.14,82.5106
1431,2024-03-11,2136.91,2170.27,2128.77,2155.01,169.5916
1432,2024-03-12,2155.35,2164.16,2120.0,2138.96,97.0513
1433,2024-03-13,2137.96,2158.29,2133.79,2151.96,63.9509
1434,2024-03-14,2152.62,2161.58,2134.58,2147.65,70.2672
1435,2024-03-15,2146.38,2157.0,2122.72,2132.42,141.4477
1436,2024-03-16,2132.46,2144.85,2109.1,2130.81,71.3176
1437,2024-03-17,2130.99,2155.35,2102.0,2123.69,81.0795
1438,2024-03-18,2122.36,2151.1,2104.85,2142.63,42.0327
1439,2024-03-19,2143.7,2200.23,2124.6,2134.87,102.123
1440,2024-03-20,2134.84,2190.0,2125.42,2183.45,99.8959
1441,2024-03-21,2183.19,2195.32,2090.76,2170.02,172.5365
1442,2024-03-22,2173.15,2178.26,2141.61,2147.21,54.3318
1443,2024-03-23,2147.68,2160.29,2145.01,2145.61,25.7945
1444,2024-03-24,2147.55,2165.05,2145.45,2161.86,22.19
1445,2024-03-25,2164.81,2177.25,2149.7,2170.91,64.64
1446,2024-03-26,2175.44,2186.87,2155.0,2164.86,52.5585
1447,2024-03-27,2163.93,2174.82,2157.91,2168.26,36.5762
1448,2024-03-28,2167.52,2215.51,2161.53,2210.37,51.4219
1449,2024-03-29,2211.97,2221.76,2203.8,2218.37,29.6527
1450,2024-03-30,2215.71,2219.0,2200.12,2205.75,31.9243
1451,2024-03-31,2206.8,2220.0,2201.37,2219.99,34.1434
1452,2024-04-01,2220.0,2244.73,2211.28,2232.67,52.824
1453,2024-04-02,2232.67,2269.51,2222.05,2263.34,128.7278
1454,2024-04-03,2263.18,2328.0,2247.34,2301.03,186.3941
1455,2024-04-04,2300.0,2305.04,2270.29,2270.4,27.5968
1456,2024-04-05,2276.07,2321.95,2251.39,2320.07,44.01909071
1457,2024-04-06,2321.17,2321.17,2302.06,2305.5,16.0281
1458,2024-04-07,2305.5,2321.95,2290.01,2294.68,17.6561
1459,2024-04-08,2294.67,2329.98,2290.01,2319.27,29.6296
1460,2024-04-09,2325.39,2346.67,2316.3,2330.0,116.4911
1461,2024-04-10,2330.0,2340.26,2301.31,2320.14,115.522
1462,2024-04-11,2321.5,2371.2,2314.31,2361.21,41.7572646
1463,2024-04-12,2364.31,2427.09,2312.6,2350.13,206.3007
1464,2024-04-13,2357.0,3308.98,2344.26,2455.0,819.6231937
1465,2024-04-14,2455.0,2537.07,2373.14,2393.98,355.5866
1466,2024-04-15,2389.25,2478.84,2343.67,2436.41,187.291
1467,2024-04-16,2436.13,2492.24,2382.83,2400.8,167.73394187
1468,2024-04-17,2399.02,2445.0,2387.17,2394.55,72.332
1469,2024-04-18,2399.15,2409.91,2385.5,2389.31,37.8756
1470,2024-04-19,2388.36,2467.98,2384.96,2397.87,161.6187
1471,2024-04-20,2399.62,2403.08,2380.65,2392.19,30.8509
1472,2024-04-21,2390.3,2393.43,2372.06,2373.9,28.339
1473,2024-04-22,2375.78,2382.34,2310.31,2320.0,50.6373
1474,2024-04-23,2324.26,2331.8,2253.08,2311.1,49.63098649
1475,2024-04-24,2306.44,2319.33,2292.32,2297.46,30.5037
1476,2024-04-25,2292.89,2345.27,2292.87,2324.85,32.2907
1477,2024-04-26,2330.0,2345.64,2320.19,2341.4,14.9722
1478,2024-04-27,2343.78,2369.0,2329.15,2359.37,44.6431
1479,2024-04-28,2358.24,2377.98,2346.0,2350.69,42.68089403
1480,2024-04-29,2350.25,2360.5,2331.26,2355.19,26.4075
1481,2024-04-30,2347.15,2356.22,2286.33,2299.33,63.9619
1482,2024-05-01,2299.8,2322.35,2273.91,2309.49,65.6641
1483,2024-05-02,2312.45,2312.45,2266.46,2293.32,32.95989995
1484,2024-05-03,2289.97,2301.06,2280.41,2289.54,41.0996
1485,2024-05-04,2288.11,2299.0,2276.54,2289.63,30.414
1486,2024-05-05,2290.13,2291.99,2274.35,2286.98,16.7169
1487,2024-05-06,2286.98,2309.48,2284.93,2302.56,19.0541
1488,2024-05-07,2306.55,2310.1,2284.57,2288.1,12.6761
1489,2024-05-08,2290.84,2307.9,2286.73,2293.51,22.7888
1490,2024-05-09,2296.16,2344.0,2290.01,2344.0,134.3362
1491,2024-05-10,2344.0,2358.99,2324.4,2331.02,55.6314
1492,2024-05-11,2330.25,2347.24,2327.69,2340.65,16.9519
1493,2024-05-12,2339.63,2344.38,2336.99,2342.83,8.6456
1494,2024-05-13,2343.27,2348.01,2320.0,2320.6,26.31259687
1495,2024-05-14,2320.45,2341.2,2319.35,2338.05,19.6461
1496,2024-05-15,2340.99,2385.86,2335.77,2378.88,77.78789681
1497,2024-05-16,2379.22,2389.99,2351.77,2359.93,24.5967
1498,2024-05-17,2360.62,2393.26,2355.71,2386.11,53.9282
1499,2024-05-18,2388.76,2392.11,2379.09,2386.25,17.4019
1500,2024-05-19,2386.09,2411.87,2377.08,2401.46,50.1986
1501,2024-05-20,2400.75,2424.37,2390.16,2412.42,128.6449
1502,2024-05-21,2412.39,2419.87,2398.82,2408.14,45.5893
1503,2024-05-22,2408.21,2410.0,2369.77,2384.76,31.331
1504,2024-05-23,2383.83,2386.59,2332.15,2343.65,64.0885
1505,2024-05-24,2344.62,2373.57,2338.86,2344.87,33.3978
1506,2024-05-25,2345.05,2355.95,2340.0,2344.29,6.6966
1507,2024-05-26,2344.97,2352.0,2340.52,2348.56,9.5955
1508,2024-05-27,2348.07,2369.83,2348.07,2358.21,14.8341
1509,2024-05-28,2357.13,2361.17,2332.05,2355.25,30.4534
1510,2024-05-29,2355.98,2355.99,2330.0,2330.01,15.792
1511,2024-05-30,2330.77,2348.53,2321.72,2341.53,16.3233
1512,2024-05-31,2340.65,2353.0,2330.0,2334.23,11.8291
1627,2024-01-01,2027.54,2054.06,2020.17,2032.05,40.8777
1628,2024-01-02,2034.99,2059.0,2020.0,2030.11,118.7424
1629,2024-01-03,2030.11,2037.99,1998.46,2014.05,125.7374
1630,2024-01-04,2014.05,2029.36,2011.75,2019.92,85.5401
1631,2024-01-05,2019.86,2039.0,2010.0,2020.41,58.9466
1632,2024-01-06,2020.68,2023.3,2009.58,2015.66,24.2703
1633,2024-01-07,2014.96,2024.18,2009.57,2011.91,33.4378
1634,2024-01-08,2012.02,2024.93,1999.0,2005.78,82.8096
1635,2024-01-09,2007.64,2016.49,2002.0,2010.11,73.9375
1636,2024-01-10,2011.1,2022.0,1996.01,1999.86,92.6017
1637,2024-01-11,1999.99,2017.0,1990.0,2015.61,114.3825
1638,2024-01-12,2015.6,2048.0,2002.71,2024.01,148.2075
1639,2024-01-13,2023.75,2041.0,2016.0,2028.9,77.5671
1640,2024-01-14,2028.73,2034.97,2014.0,2019.74,32.0818
1641,2024-01-15,2019.98,2046.54,2019.13,2036.0,62.3906
1642,2024-01-16,2038.44,2041.54,2005.0,2011.81,148.3258
1643,2024-01-17,2016.05,2020.01,1996.02,2003.04,53.9123
1644,2024-01-18,2001.21,2015.42,1995.0,2013.63,87.0202
1645,2024-01-19,2013.48,2022.3,2004.31,2010.18,57.3855
1646,2024-01-20,2010.18,2020.29,2009.0,2012.87,25.2647
1647,2024-01-21,2013.23,2014.43,2005.65,2005.86,21.4123
1648,2024-01-22,2006.09,2011.39,1997.16,2001.46,54.3832
1649,2024-01-23,2000.5,2015.99,1997.55,2009.0,102.5994
1650,2024-01-24,2009.55,2029.43,1998.0,2005.81,78.8757
1651,2024-01-25,2003.55,2015.7,1998.51,2004.97,27.9557
1652,2024-01-26,2003.58,2012.04,2000.36,2001.0,17.9338
1653,2024-01-27,2001.01,2012.04,1998.53,2005.0,31.2296
1654,2024-01-28,2005.04,2014.95,1997.62,2007.37,61.9717
1655,2024-01-29,2007.37,2018.09,2003.58,2010.8,48.1111
1656,2024-01-30,2009.49,2014.94,2002.79,2012.8,46.278
1657,2024-01-31,2014.85,2031.02,2010.05,2018.83,51.2214
1658,2024-02-01,2019.0,2040.0,2017.17,2034.25,226.1702
1659,2024-02-02,2034.58,2035.36,2014.51,2023.65,51.9897
1660,2024-02-03,2025.57,2029.99,2017.37,2017.46,28.0627
1661,2024-02-04,2018.93,2022.25,2014.21,2021.01,10.6551
1662,2024-02-05,2017.4,2019.8,2004.0,2009.41,27.3152
1663,2024-02-06,2011.1,2021.94,2004.53,2013.02,19.3965
1664,2024-02-07,2016.67,2021.25,2002.02,2015.0,206.13019997
1665,2024-02-08,2015.0,2022.69,2006.23,2009.02,73.7807
1666,2024-02-09,2010.86,2020.69,1996.0,2003.09,74.9696
1667,2024-02-10,2004.02,2010.39,1990.0,2000.82,70.2208
1668,2024-02-11,2001.39,2012.8,1993.61,2003.19,63.1053
1669,2024-02-12,2002.31,2006.0,1994.8,2002.0,74.1517
1670,2024-02-13,2002.0,2008.0,1988.0,1991.0,66.6495
1671,2024-02-14,1989.49,1996.0,1978.1,1983.52,70.2069
1672,2024-02-15,1982.64,1988.79,1969.48,1981.41,67.6413
1673,2024-02-16,1983.45,1990.59,1975.34,1985.03,53.3854
1674,2024-02-17,1984.89,1991.19,1983.37,1984.81,38.2792
1675,2024-02-18,1987.12,1990.08,1979.51,1988.18,29.2951
1676,2024-02-19,1987.13,1996.0,1984.07,1989.05,49.1343
1677,2024-02-20,1989.11,2004.28,1985.03,2000.85,53.2046
1678,2024-02-21,2000.42,2004.32,1998.51,2001.34,23.4925
1679,2024-02-22,2001.3,2009.19,1996.0,1997.79,65.0246
1680,2024-02-23,1998.39,2016.58,1991.8,2011.21,51.7409
1681,2024-02-24,2011.24,2012.62,2003.79,2006.46,24.1218
1682,2024-02-25,2006.22,2007.69,1998.75,2006.77,42.2609
1683,2024-02-26,2006.54,2012.04,1996.0,2003.22,84.1084
1684,2024-02-27,2002.39,2012.04,1996.0,2002.81,88.3564
1685,2024-02-28,2002.81,2026.0,2000.18,2021.23,244.5924
1686,2024-02-29,2020.68,2025.77,1996.6,1997.92,157.535
1687,2024-03-01,1998.92,2033.2,1996.02,2020.0,171.5493
1688,2024-03-02,2021.44,2034.4,2017.6,2027.63,74.9078
1689,2024-03-03,2027.56,2034.4,1885.7,2020.0,286.2455
1690,2024-03-04,2020.0,2069.5,2005.6,2065.79,265.1908
1691,2024-03-05,2063.67,2135.88,2050.77,2088.22,359.7429
1692,2024-03-06,2089.38,2120.0,2084.27,2111.99,101.7013
1693,2024-03-07,2113.2,2138.06,2109.48,2130.0,70.9572
1694,2024-03-08,2130.0,2159.91,2101.01,2130.15,113.6337
1695,2024-03-09,2130.3,2138.17,2093.32,2126.98,66.8553
1696,2024-03-10,2126.98,2138.81,2115.42,2138.14,82.5106
1697,2024-03-11,2136.91,2170.27,2128.77,2155.01,169.5916
1698,2024-03-12,2155.35,2164.16,2120.0,2138.96,97.0513
1699,2024-03-13,2137.96,2158.29,2133.79,2151.96,63.9509
1700,2024-03-14,2152.62,2161.58,2134.58,2147.65,70.2672
1701,2024-03-15,2146.38,2157.0,2122.72,2132.42,141.4477
1702,2024-03-16,2132.46,2144.85,2109.1,2130.81,71.3176
1703,2024-03-17,2130.99,2155.35,2102.0,2123.69,81.0795
1704,2024-03-18,2122.36,2151.1,2104.85,2142.63,42.0327
1705,2024-03-19,2143.7,2200.23,2124.6,2134.87,102.123
1706,2024-03-20,2134.84,2190.0,2125.42,2183.45,99.8959
1707,2024-03-21,2183.19,2195.32,2090.76,2170.02,172.5365
1708,2024-03-22,2173.15,2178.26,2141.61,2147.21,54.3318
1709,2024-03-23,2147.68,2160.29,2145.01,2145.61,25.7945
1710,2024-03-24,2147.55,2165.05,2145.45,2161.86,22.19
1711,2024-03-25,2164.81,2177.25,2149.7,2170.91,64.64
1712,2024-03-26,2175.44,2186.87,2155.0,2164.86,52.5585
1713,2024-03-27,2163.93,2174.82,2157.91,2168.26,36.5762
1714,2024-03-28,2167.52,2215.51,2161.53,2210.37,51.4219
1715,2024-03-29,2211.97,2221.76,2203.8,2218.37,29.6527
1716,2024-03-30,2215.71,2219.0,2200.12,2205.75,31.9243
1717,2024-03-31,2206.8,2220.0,2201.37,2219.99,34.1434
1718,2024-04-01,2220.0,2244.73,2211.28,2232.67,52.824
1719,2024-04-02,2232.67,2269.51,2222.05,2263.34,128.7278
1720,2024-04-03,2263.18,2328.0,2247.34,2301.03,186.3941
1721,2024-04-04,2300.0,2305.04,2270.29,2270.4,27.5968
1722,2024-04-05,2276.07,2321.95,2251.39,2320.07,44.01909071
1723,2024-04-06,2321.17,2321.17,2302.06,2305.5,16.0281
1724,2024-04-07,2305.5,2321.95,2290.01,2294.68,17.6561
1725,2024-04-08,2294.67,2329.98,2290.01,2319.27,29.6296
1726,2024-04-09,2325.39,2346.67,2316.3,2330.0,116.4911
1727,2024-04-10,2330.0,2340.26,2301.31,2320.14,115.522
1728,2024-04-11,2321.5,2371.2,2314.31,2361.21,41.7572646
1729,2024-04-12,2364.31,2427.09,2312.6,2350.13,206.3007
1730,2024-04-13,2357.0,3308.98,2344.26,2455.0,819.6231937
1731,2024-04-14,2455.0,2537.07,2373.14,2393.98,355.5866
1732,2024-04-15,2389.25,2478.84,2343.67,2436.41,187.291
1733,2024-04-16,2436.13,2492.24,2382.83,2400.8,167.73394187
1734,2024-04-17,2399.02,2445.0,2387.17,2394.55,72.332
1735,2024-04-18,2399.15,2409.91,2385.5,2389.31,37.8756
1736,2024-04-19,2388.36,2467.98,2384.96,2397.87,161.6187
1737,2024-04-20,2399.62,2403.08,2380.65,2392.19,30.8509
1738,2024-04-21,2390.3,2393.43,2372.06,2373.9,28.339
1739,2024-04-22,2375.78,2382.34,2310.31,2320.0,50.6373
1740,2024-04-23,2324.26,2331.8,2253.08,2311.1,49.63098649
1741,2024-04-24,2306.44,2319.33,2292.32,2297.46,30.5037
1742,2024-04-25,2292.89,2345.27,2292.87,2324.85,32.2907
1743,2024-04-26,2330.0,2345.64,2320.19,2341.4,14.9722
1744,2024-04-27,2343.78,2369.0,2329.15,2359.37,44.6431
1745,2024-04-28,2358.24,2377.98,2346.0,2350.69,42.68089403
1746,2024-04-29,2350.25,2360.5,2331.26,2355.19,26.4075
1747,2024-04-30,2347.15,2356.22,2286.33,2299.33,63.9619
1748,2024-05-01,2299.8,2322.35,2273.91,2309.49,65.6641
1749,2024-05-02,2312.45,2312.45,2266.46,2293.32,32.95989995
1750,2024-05-03,2289.97,2301.06,2280.41,2289.54,41.0996
1751,2024-05-04,2288.11,2299.0,2276.54,2289.63,30.414
1752,2024-05-05,2290.13,2291.99,2274.35,2286.98,16.7169
1753,2024-05-06,2286.98,2309.48,2284.93,2302.56,19.0541
1754,2024-05-07,2306.55,2310.1,2284.57,2288.1,12.6761
1755,2024-05-08,2290.84,2307.9,2286.73,2293.51,22.7888
1756,2024-05-09,2296.16,2344.0,2290.01,2344.0,134.3362
1757,2024-05-10,2344.0,2358.99,2324.4,2331.02,55.6314
1758,2024-05-11,2330.25,2347.24,2327.69,2340.65,16.9519
1759,2024-05-12,2339.63,2344.38,2336.99,2342.83,8.6456
1760,2024-05-13,2343.27,2348.01,2320.0,2320.6,26.31259687
1761,2024-05-14,2320.45,2341.2,2319.35,2338.05,19.6461
1762,2024-05-15,2340.99,2385.86,2335.77,2378.88,77.78789681
1763,2024-05-16,2379.22,2389.99,2351.77,2359.93,24.5967
1764,2024-05-17,2360.62,2393.26,2355.71,2386.11,53.9282
1765,2024-05-18,2388.76,2392.11,2379.09,2386.25,17.4019
1766,2024-05-19,2386.09,2411.87,2377.08,2401.46,50.1986
1767,2024-05-20,2400.75,2424.37,2390.16,2412.42,128.6449
1768,2024-05-21,2412.39,2419.87,2398.82,2408.14,45.5893
1769,2024-05-22,2408.21,2410.0,2369.77,2384.76,31.331
1770,2024-05-23,2383.83,2386.59,2332.15,2343.65,64.0885
1771,2024-05-24,2344.62,2373.57,2338.86,2344.87,33.3978
1772,2024-05-25,2345.05,2355.95,2340.0,2344.29,6.6966
1773,2024-05-26,2344.97,2352.0,2340.52,2348.56,9.5955
1774,2024-05-27,2348.07,2369.83,2348.07,2358.21,14.8341
1775,2024-05-28,2357.13,2361.17,2332.05,2355.25,30.4534
1776,2024-05-29,2355.98,2355.99,2330.0,2330.01,15.792
1777,2024-05-30,2330.77,2348.53,2321.72,2341.53,16.3233
1778,2024-05-31,2340.65,2353.0,2330.0,2334.23,11.8291
